frame,second,id,label,x1,y1,x2,y2,vx1,vy1,vx2,vy2,distance_m,speed_kmh
1,0.04,0,car,825,403,971,503,0.0,0.0,0.0,0.0,9.42,-0.0
1,0.04,1,car,953,403,1081,484,0.0,0.0,0.0,0.0,10.74,-0.0
2,0.08,0,car,824,403,971,503,-0.02752293460071087,0.0,0.0,0.02752293460071087,9.35,0.19
2,0.08,1,car,953,402,1081,484,0.14516128599643707,-0.07258064299821854,0.0,0.0,10.74,0.14
3,0.12,0,car,823,403,973,503,-0.2954872250556946,0.14604240655899048,0.5841696262359619,0.1494448184967041,9.17,1.08
3,0.12,1,car,953,402,1083,484,0.015523169189691544,-0.16537444293498993,0.4728385806083679,0.0,10.58,1.19
4,0.16,0,car,820,404,973,505,-0.6088712215423584,0.15485027432441711,0.30941343307495117,0.29900822043418884,8.99,2.11
4,0.16,1,car,946,401,1089,484,-1.099889874458313,-0.12424235790967941,1.3406543731689453,0.15154218673706055,9.62,2.34
5,0.2,0,car,819,405,977,505,-0.5701337456703186,0.3848456144332886,0.839594841003418,0.20602378249168396,8.7,1.99
5,0.2,1,car,945,401,1090,485,-0.7513174414634705,-0.05837004631757736,0.8209658861160278,0.12337709218263626,9.48,2.21
6,0.24,0,car,822,405,977,503,0.2920295000076294,0.12296883016824722,0.3027624785900116,-0.20875942707061768,8.87,2.39
6,0.24,1,car,951,401,1091,485,0.5754622220993042,-0.015018253587186337,0.6166068315505981,0.06062325835227966,9.82,2.73
7,0.28,0,car,818,406,975,503,-0.5199984312057495,0.1503223478794098,-0.12295501679182053,-0.07114695757627487,8.76,2.63
7,0.28,1,car,958,401,1094,484,1.4091768264770508,-0.14773134887218475,0.7374097108840942,-0.1335163563489914,10.11,3.48
8,0.32,0,car,817,405,974,503,-0.4913021922111511,-0.061444707214832306,-0.1756092607975006,-0.003988178446888924,8.76,2.25
8,0.32,1,car,959,400,1096,483,0.9832189679145813,-0.11456193029880524,0.7360295653343201,-0.1223464086651802,10.04,3.43
9,0.36,0,car,821,404,971,502,0.49181756377220154,-0.23791955411434174,-0.7124677896499634,-0.2866920232772827,9.17,1.33
9,0.36,1,car,961,400,1097,483,0.7324934005737305,-0.05437840521335602,0.5535515546798706,-0.0642007440328598,10.11,2.6
10,0.4,0,car,824,404,969,500,0.6683674454689026,-0.024155249819159508,-0.6765689849853516,-0.3791622221469879,9.48,1.38
10,0.4,1,car,959,401,1099,485,0.036495186388492584,0.13614226877689362,0.5586116313934326,0.2809831202030182,9.82,2.53
11,0.44,0,car,822,404,968,501,-0.04152069613337517,0.04074302688241005,-0.5122900605201721,-0.08031642436981201,9.42,1.3
11,0.44,1,car,959,403,1097,486,-0.004997925367206335,0.2734191417694092,0.0058056204579770565,0.24107244610786438,9.96,2.33
12,0.48,0,car,820,404,967,500,-0.3527206480503082,-0.112032450735569,-0.38989853858947754,-0.11927966773509979,9.35,1.13
12,0.48,1,car,957,402,1098,485,-0.3146892488002777,0.033700697124004364,0.1650628298521042,-0.028749383985996246,9.75,1.61
13,0.52,0,car,820,403,967,501,-0.12104768306016922,-0.09994324296712875,-0.18267999589443207,0.07556906342506409,9.35,1.02
13,0.52,1,car,957,402,1099,485,-0.09982527047395706,-0.04205463454127312,0.13063527643680573,0.06686940789222717,9.68,1.14
14,0.56,0,car,822,402,965,500,0.2936469316482544,-0.20243465900421143,-0.4999709725379944,-0.21088248491287231,9.62,1.07
14,0.56,1,car,959,401,1100,486,0.3010505139827728,-0.042165037244558334,0.36435988545417786,0.06077420338988304,9.75,0.99
15,0.6,0,car,824,402,966,498,0.41629621386528015,-0.13677208125591278,-0.05249570682644844,-0.33857813477516174,9.68,0.83
15,0.6,1,car,962,401,1098,485,0.56760174036026,-0.02312040515244007,-0.1936202496290207,-0.11898136883974075,10.11,0.83
16,0.64,0,car,822,402,965,498,-0.0424770712852478,-0.05833946913480759,-0.21726399660110474,-0.21769990026950836,9.62,2.05
16,0.64,1,car,962,403,1099,485,0.37820422649383545,0.293623149394989,0.054530419409275055,0.040183935314416885,10.04,2.25
17,0.68,0,car,822,402,967,497,-0.13908949494361877,-0.01214932557195425,0.29161420464515686,-0.2394678294658661,9.48,2.07
17,0.68,1,car,962,404,1103,486,0.15937493741512299,0.24081799387931824,0.6954605579376221,0.2129288911819458,9.75,2.48
18,0.72,0,car,816,405,970,500,-1.0050040483474731,0.4572181701660156,0.7404236197471619,0.31554073095321655,8.93,2.16
18,0.72,1,car,960,404,1103,488,-0.2694145441055298,0.11858732253313065,0.39205285906791687,0.310994952917099,9.62,2.63
19,0.76,0,car,817,405,967,499,-0.31693151593208313,0.21822181344032288,-0.23478126525878906,0.011489001102745533,9.17,2.36
19,0.76,1,car,960,405,1106,489,-0.10509708523750305,0.18483872711658478,0.5903562307357788,0.3458503186702728,9.42,3.0
20,0.8,0,car,813,407,968,502,-0.9043159484863281,0.36067017912864685,0.07740356773138046,0.5324885845184326,8.87,2.36
20,0.8,1,car,960,406,1106,491,-0.01608411967754364,0.2687133252620697,0.37346819043159485,0.49972543120384216,9.42,3.04
21,0.84,0,car,813,407,968,503,-0.3421955704689026,0.23354032635688782,-0.029513204470276833,0.4232165217399597,8.87,0.95
21,0.84,1,car,959,405,1107,490,-0.2877967357635498,0.017636984586715698,0.3005833625793457,0.16185340285301208,9.29,1.33
22,0.88,0,car,817,405,966,500,0.4066909849643707,-0.20564550161361694,-0.34462371468544006,-0.24796883761882782,9.23,0.91
22,0.88,1,car,958,404,1110,490,-0.2262558788061142,-0.20446760952472687,0.7492271065711975,0.003355122171342373,9.05,1.18
23,0.92,0,car,818,406,963,500,0.4118523597717285,0.07795397192239761,-0.5698196291923523,-0.15455351769924164,9.48,0.92
23,0.92,1,car,959,405,1115,490,0.04233784228563309,0.1333952099084854,1.1266236305236816,-0.038179658353328705,8.81,1.13
24,0.96,0,car,815,406,961,500,-0.2253057360649109,-0.03643345087766647,-0.6704710125923157,-0.06108299270272255,9.42,0.93
24,0.96,1,car,959,405,1118,489,-0.059748757630586624,0.007636220194399357,1.0139198303222656,-0.03140363097190857,8.65,1.16
25,1.0,0,car,815,405,958,500,-0.13355107605457306,-0.19957329332828522,-0.844899594783783,-0.009855685755610466,9.62,1.13
25,1.0,1,car,958,404,1119,489,-0.05849751457571983,-0.17830196022987366,0.677703857421875,-0.01549170259386301,8.54,1.14
26,1.04,0,car,814,404,959,500,-0.20073172450065613,-0.15050345659255981,-0.2053770273923874,-0.1432049423456192,9.48,1.23
26,1.04,1,car,958,403,1118,490,-0.1824808418750763,-0.1446104347705841,0.28634122014045715,0.1462726891040802,8.59,1.23
27,1.08,0,car,815,404,959,499,0.02382017858326435,-0.07005136460065842,-0.10178156942129135,-0.11210330575704575,9.55,1.25
27,1.08,1,car,959,402,1116,491,0.17022207379341125,-0.22144219279289246,-0.24344918131828308,0.12096724659204483,8.76,1.21
28,1.12,0,car,817,404,958,499,0.3712237477302551,-0.018069632351398468,-0.3310624063014984,-0.053561754524707794,9.75,2.86
28,1.12,1,car,961,403,1116,492,0.4837685227394104,0.010032919235527515,-0.11639294773340225,0.21061043441295624,8.87,2.67
29,1.16,0,car,817,404,954,499,0.14032363891601562,0.003224479267373681,-0.6914568543434143,-0.16529949009418488,10.04,2.67
29,1.16,1,car,959,403,1116,491,-0.10805033892393112,-0.08680489659309387,-0.0317133367061615,-0.012731584720313549,8.76,2.28
30,1.2,0,car,818,405,956,499,0.16931380331516266,0.007139210123568773,-0.01754353567957878,0.031987302005290985,9.96,2.42
30,1.2,1,car,961,402,1123,491,0.24360378086566925,-0.07200620323419571,1.0591853857040405,0.08737695217132568,8.49,2.35
31,1.24,0,car,815,405,956,500,-0.3521411716938019,0.1556367576122284,-0.14095644652843475,0.06733027845621109,9.75,2.35
31,1.24,1,car,963,403,1127,491,0.37296926975250244,0.115022212266922,1.3078328371047974,-0.07759832590818405,8.38,2.65
32,1.28,0,car,813,406,955,500,-0.4752964973449707,0.12274565547704697,-0.10838735848665237,0.0458107590675354,9.68,2.4
32,1.28,1,car,966,405,1126,490,0.6891745924949646,0.2609620690345764,0.4777075946331024,-0.08415354788303375,8.59,2.67
33,1.32,0,car,814,407,953,499,-0.14072731137275696,0.20967476069927216,-0.5033565759658813,-0.13107435405254364,9.89,1.09
33,1.32,1,car,967,405,1126,491,0.608101487159729,0.1797969788312912,0.20285765826702118,0.10298986732959747,8.65,1.18
34,1.36,0,car,815,407,952,498,0.15812624990940094,0.13679912686347961,-0.3754447102546692,-0.1164596676826477,10.04,1.09
34,1.36,1,car,967,405,1130,491,0.3126428425312042,0.07799098640680313,0.7954126000404358,-0.047076333314180374,8.44,1.18
35,1.4,0,car,816,407,949,499,0.16206398606300354,0.05653104558587074,-0.6255918741226196,0.09063005447387695,10.34,1.43
35,1.4,1,car,967,406,1131,491,0.09667486697435379,0.16775377094745636,0.4345766007900238,0.08706872165203094,8.38,1.2
36,1.44,0,car,815,407,949,499,-0.060960665345191956,0.16144675016403198,-0.40583333373069763,-0.048814404755830765,10.26,1.66
36,1.44,1,car,970,406,1134,492,0.6013852953910828,0.11455299705266953,0.749907910823822,0.081562340259552,8.38,0.87
37,1.48,0,car,813,408,949,498,-0.39116886258125305,0.11493000388145447,-0.16683697700500488,-0.06193864345550537,10.11,1.99
37,1.48,1,car,973,406,1134,492,0.7583333253860474,0.049313630908727646,0.49042248725891113,0.04328446835279465,8.54,1.06
38,1.52,0,car,811,408,950,499,-0.4483763873577118,0.05121327564120293,0.11966979503631592,0.11350201815366745,9.89,1.95
38,1.52,1,car,976,406,1134,492,0.9072310924530029,0.010543539188802242,0.203115314245224,0.014050493948161602,8.7,1.05
39,1.56,0,car,809,408,949,498,-0.5615401864051819,0.011969364248216152,-0.16359847784042358,-0.1950026899576187,9.82,2.59
39,1.56,1,car,975,405,1134,492,0.23308789730072021,-0.15474455058574677,0.038724254816770554,0.00032363797072321177,8.65,1.46
40,1.6,0,car,810,408,951,498,-0.18544085323810577,-0.003349146107211709,0.29107147455215454,-0.03396512567996979,9.75,2.57
40,1.6,1,car,976,405,1136,492,0.2589591443538666,0.024247413501143456,0.431926965713501,0.14744573831558228,8.59,1.62
41,1.64,0,car,809,407,951,498,-0.15737071633338928,-0.005699824541807175,0.12349707633256912,0.022050946950912476,9.68,2.52
41,1.64,1,car,976,406,1140,493,0.14838066697120667,0.05846334993839264,0.7881075739860535,0.11790356040000916,8.38,1.71
42,1.68,0,car,811,408,950,499,0.22234436869621277,0.14702527225017548,-0.12538044154644012,0.17695192992687225,9.89,2.37
42,1.68,1,car,978,406,1144,494,0.35484474897384644,0.040660757571458817,1.124599575996399,0.2078733593225479,8.28,1.62
43,1.72,0,car,811,409,948,499,0.066923588514328,0.1190931424498558,-0.43299269676208496,-0.014695054851472378,10.04,2.21
43,1.72,1,car,979,406,1145,494,0.3972397446632385,0.017784196883440018,0.7009807229042053,0.1365801841020584,8.28,1.49
44,1.76,0,car,813,408,946,498,0.4496471881866455,-0.09254612773656845,-0.46558937430381775,-0.20716547966003418,10.34,1.67
44,1.76,1,car,981,405,1144,493,0.5297885537147522,-0.14677707850933075,0.12632957100868225,-0.09391509741544724,8.44,1.12
45,1.8,0,car,814,407,945,498,0.3429328203201294,-0.10412011295557022,-0.41401246190071106,-0.011341536417603493,10.5,1.93
45,1.8,1,car,982,404,1143,492,0.47441190481185913,-0.12194085121154785,-0.07587474584579468,-0.10964301973581314,8.54,1.19
46,1.84,0,car,815,407,942,498,0.311642587184906,-0.05995403975248337,-0.6659904718399048,0.0432300828397274,10.83,2.22
46,1.84,1,car,981,403,1147,492,0.09514766931533813,-0.2112620323896408,0.6611065864562988,-0.06402789801359177,8.28,1.32
47,1.88,0,car,814,407,942,497,0.012071376666426659,-0.021685361862182617,-0.42842933535575867,-0.26402339339256287,10.74,2.27
47,1.88,1,car,981,403,1148,492,-0.04362973943352699,-0.13827140629291534,0.5482004284858704,-0.17429816722869873,8.23,1.28
48,1.92,0,car,811,407,945,497,-0.5212428569793701,-0.002212911145761609,0.27749186754226685,-0.07145635783672333,10.26,2.42
48,1.92,1,car,982,403,1153,493,0.24254579842090607,-0.057313308119773865,1.0254755020141602,0.17815177142620087,8.04,1.36
49,1.96,0,car,811,407,946,497,-0.2694396674633026,-0.14702573418617249,0.3302372395992279,0.009464938193559647,10.19,2.48
49,1.96,1,car,982,403,1156,494,0.054371949285268784,-0.0109575679525733,0.983687698841095,0.18656544387340546,7.9,1.43
50,2.0,0,car,813,407,945,497,0.21744060516357422,0.033640701323747635,0.043463658541440964,0.025616077706217766,10.42,2.15
50,2.0,1,car,982,404,1154,496,-0.017730852589011192,0.15643741190433502,0.22685208916664124,0.4058041572570801,7.99,1.26
51,2.04,0,car,812,408,945,498,-0.059461046010255814,0.21478095650672913,-0.04858541861176491,0.1688510626554489,10.34,3.19
51,2.04,1,car,982,405,1154,495,0.12283141911029816,0.12795786559581757,0.08395294100046158,0.12691068649291992,7.99,2.24
52,2.08,0,car,810,408,948,498,-0.403957337141037,0.012645621784031391,0.5530962347984314,-0.022082898765802383,9.96,3.07
52,2.08,1,car,984,404,1156,495,0.25352177023887634,-0.08783532679080963,0.462103933095932,-0.00089537154417485,7.99,2.25
53,2.12,0,car,810,408,946,498,-0.1575271040201187,-0.04410187527537346,0.0026694422122091055,-0.060296375304460526,10.11,2.9
53,2.12,1,car,986,404,1159,495,0.47333547472953796,0.04814058914780617,0.650047779083252,-0.032760631293058395,7.95,2.22
54,2.16,0,car,808,407,946,497,-0.3255523145198822,-0.038485087454319,0.013231394812464714,-0.19341102242469788,9.96,3.11
54,2.16,1,car,987,404,1160,494,0.4655244052410126,-0.09002961218357086,0.5542910099029541,-0.02598460577428341,7.95,2.45
55,2.2,0,car,807,407,948,498,-0.37148943543434143,-0.019665859639644623,0.31138572096824646,0.16192321479320526,9.75,2.86
55,2.2,1,car,987,403,1162,496,0.25304335355758667,-0.08420121669769287,0.580916702747345,0.2889464497566223,7.86,2.32
56,2.24,0,car,807,407,950,498,-0.21511180698871613,-0.15676423907279968,0.3965805768966675,0.027667729184031487,9.62,1.47
56,2.24,1,car,988,403,1163,496,0.23570077121257782,-0.044653698801994324,0.4756651818752289,0.08705492317676544,7.86,1.3
57,2.28,0,car,813,407,946,495,0.9767972230911255,0.030255010351538658,-0.5149490833282471,-0.4709567427635193,10.34,1.5
57,2.28,1,car,990,404,1165,496,0.42620229721069336,0.13625651597976685,0.5354487895965576,-0.003287477884441614,7.86,1.44
58,2.32,0,car,809,408,945,496,-0.2191782295703888,0.06379472464323044,-0.361469566822052,-0.08239559829235077,10.11,1.27
58,2.32,1,car,991,406,1168,496,0.4323020875453949,0.27105021476745605,0.760635495185852,0.12613323330879211,7.77,1.53
59,2.36,0,car,807,408,943,495,-0.38746267557144165,0.034072525799274445,-0.4058590829372406,-0.08532723784446716,10.11,0.91
59,2.36,1,car,992,405,1169,496,0.32487544417381287,-0.006603152025490999,0.5118426084518433,-0.0662563219666481,7.77,1.24
59,2.36,2,car,0,440,90,459,0.0,0.0,0.0,0.0,15.28,1.82
60,2.4,0,car,811,408,944,494,0.3458041846752167,0.013486409559845924,-0.0857420489192009,-0.19600075483322144,10.34,1.29
60,2.4,1,car,994,405,1171,495,0.4569211006164551,-0.05467807501554489,0.5348997712135315,-0.07217420637607574,7.77,1.5
61,2.44,0,car,809,408,943,494,-0.07818818092346191,0.0021305421832948923,-0.26784199476242065,-0.13523463904857635,10.26,1.4
61,2.44,1,car,994,403,1172,495,0.2832469344139099,-0.34450414776802063,0.4493316411972046,-0.19214217364788055,7.72,1.52
62,2.48,0,car,808,407,941,493,-0.14969992637634277,-0.15286386013031006,-0.34349626302719116,-0.36090582609176636,10.34,1.7
62,2.48,1,car,997,402,1175,495,0.7156203389167786,-0.2613951563835144,0.6774569749832153,0.01588400825858116,7.72,1.86
63,2.52,0,car,810,407,947,493,0.20170632004737854,0.028187308460474014,0.8486118316650391,-0.10347700864076614,10.04,3.93
63,2.52,1,car,995,403,1175,496,-0.052840203046798706,0.0649515837430954,0.3292711079120636,0.05816229060292244,7.64,3.29
63,2.52,3,car,93,432,144,448,0.0,0.0,0.0,0.0,26.96,28.22
64,2.56,0,car,813,406,947,492,0.46771082282066345,-0.2422304004430771,0.19104555249214172,-0.12673747539520264,10.26,4.79
64,2.56,1,car,995,404,1175,496,-0.014582996256649494,0.08626759797334671,0.07142654061317444,0.03157128021121025,7.64,3.84
64,2.56,3,car,85,431,137,447,-1.9596773386001587,-0.14516128599643707,-1.669354796409607,-0.07258064299821854,26.44,18.5
65,2.6,0,car,814,406,944,492,0.3879430592060089,-0.0013247551396489143,-0.3369736075401306,-0.05622389540076256,10.58,5.33
65,2.6,1,car,996,404,1176,497,0.14908765256404877,0.03912907838821411,0.1296113133430481,0.30393871665000916,7.64,4.16
65,2.6,3,car,44,430,99,448,-8.055373191833496,-0.15033963322639465,-7.4333109855651855,0.16584919393062592,25.0,19.27
66,2.64,0,car,815,408,944,493,0.23969131708145142,0.1851002424955368,-0.047724224627017975,0.13908801972866058,10.66,6.07
66,2.64,1,car,1000,404,1183,498,0.5351191759109497,0.007303307298570871,1.2483813762664795,0.1738467514514923,7.51,4.82
66,2.64,1,car,1003,405,1183,498,1.0139966011047363,0.28088751435279846,0.669826090335846,0.10238537192344666,7.64,5.11
66,2.64,3,car,10,433,68,451,-9.71491813659668,0.35842365026474,-8.841667175292969,0.5958033800125122,23.71,20.65
67,2.68,0,car,815,407,943,494,0.07791474461555481,-0.04461495205760002,-0.27310940623283386,0.0847003310918808,10.74,6.59
67,2.68,1,car,1002,404,1183,498,0.14597706496715546,-0.12208037078380585,0.27015188336372375,0.002453411463648081,7.6,4.35
68,2.72,0,car,816,406,946,493,0.31181594729423523,-0.06726717203855515,0.4052533209323883,-0.11280316114425659,10.58,5.52
68,2.72,1,car,1003,402,1188,499,0.10713408887386322,-0.2708565294742584,0.9728217124938965,0.27971911430358887,7.43,4.45
69,2.76,0,car,815,406,940,492,-0.0750889927148819,-0.1941748857498169,-0.8235076665878296,-0.11110246926546097,11.0,6.21
69,2.76,1,car,1000,401,1187,499,-0.4065801501274109,-0.3374972939491272,0.2556675672531128,0.07198398560285568,7.35,4.98
70,2.8,0,car,817,407,942,492,0.31602710485458374,0.16468973457813263,-0.0006703739636577666,-0.06026531383395195,11.0,7.11
70,2.8,1,car,996,401,1193,500,-0.8056595921516418,-0.2009144127368927,1.1706887483596802,0.13842171430587769,6.98,5.19
71,2.84,0,car,812,407,942,494,-0.633786678314209,0.029268966987729073,-0.09585976600646973,0.28133776783943176,10.58,7.64
71,2.84,1,car,996,401,1191,500,-0.38996484875679016,-0.07582201808691025,0.26624464988708496,0.09238738566637039,7.05,5.36
72,2.88,0,car,812,407,940,495,-0.43575823307037354,-0.018083063885569572,-0.37794795632362366,0.24018189311027527,10.74,8.81
72,2.88,1,car,1000,401,1191,499,0.3431595265865326,-0.01004873774945736,0.06896620988845825,-0.11169883608818054,7.2,6.16
72,2.88,1,car,1004,404,1189,498,0.9946395754814148,0.43901219964027405,-0.28513044118881226,-0.1286725401878357,7.43,7.05
73,2.92,0,car,813,406,942,495,0.02357443794608116,-0.019113468006253242,0.22553199529647827,0.08635974675416946,10.66,9.95
73,2.92,1,car,1004,402,1195,499,0.3505096137523651,-0.162220299243927,0.8204991221427917,0.10512673854827881,7.2,7.46
74,2.96,0,car,814,406,944,494,0.24551938474178314,-0.15884888172149658,0.38426801562309265,-0.1282803863286972,10.58,11.47
74,2.96,1,car,1009,402,1196,499,0.9818911552429199,-0.029876939952373505,0.6168569922447205,-0.05390524864196777,7.35,8.68
75,3.0,0,car,814,406,946,495,0.039378296583890915,0.028871754184365273,0.5527284145355225,0.17771966755390167,10.42,13.79
75,3.0,1,car,1009,402,1197,499,0.39471951127052307,-0.13380715250968933,0.43540140986442566,0.08125168085098267,7.31,10.48
76,3.04,0,car,814,407,945,494,-0.030481986701488495,0.21430319547653198,0.19341664016246796,-0.1280021071434021,10.5,16.17
76,3.04,1,car,1009,400,1198,500,0.2187758833169937,-0.25068068504333496,0.3432598412036896,0.22989307343959808,7.28,11.64
77,3.08,0,car,814,408,944,493,0.1165662407875061,0.16391558945178986,-0.13514293730258942,-0.1468675434589386,10.58,18.41
77,3.08,1,car,1008,401,1200,501,-0.07509104907512665,-0.015600951388478279,0.4665891230106354,0.16302603483200073,7.16,13.01
78,3.12,0,car,814,408,944,493,-0.04982525482773781,0.07709963619709015,-0.0060943071730434895,-0.08519983291625977,10.58,20.87
78,3.12,1,car,1007,402,1204,502,-0.11510038375854492,0.2013363093137741,0.8895712494850159,0.22321023046970367,6.98,14.6
79,3.16,0,car,814,408,946,492,0.08143341541290283,0.02032545395195484,0.33071431517601013,-0.18183830380439758,10.42,22.63
79,3.16,1,car,1011,403,1206,501,0.5297862887382507,0.16504672169685364,0.8955512642860413,-0.013267832808196545,7.05,15.74
80,3.2,0,car,815,407,944,491,0.22849184274673462,-0.1539384126663208,-0.18601424992084503,-0.2747526466846466,10.66,24.12
80,3.2,1,car,1014,403,1208,500,0.7545058131217957,0.08124956488609314,0.7935741543769836,-0.2177097052335739,7.09,16.73
81,3.24,0,car,816,406,941,491,0.16227704286575317,-0.1283246874809265,-0.6845526695251465,-0.17396299540996552,11.0,26.11
81,3.24,1,car,1018,403,1207,499,1.0729851722717285,0.023356344550848007,0.10748543590307236,-0.17087070643901825,7.28,18.07
82,3.28,0,car,814,406,940,492,-0.22930656373500824,-0.06382591277360916,-0.5008409023284912,0.08088099956512451,10.91,27.16
82,3.28,1,car,1020,403,1209,499,0.8189001679420471,-0.001815706491470337,0.48859912157058716,-0.08177489042282104,7.28,18.89
83,3.32,0,car,811,407,942,493,-0.5259428024291992,0.1320531964302063,0.07350657880306244,0.10864752531051636,10.5,27.13
83,3.32,1,car,1021,403,1211,499,0.5351719856262207,-0.007354289758950472,0.5145807862281799,-0.022294919937849045,7.24,19.06
84,3.36,0,car,813,407,942,493,-0.0615205280482769,-0.02894756756722927,0.03454327955842018,0.06652852147817612,10.66,27.5
84,3.36,1,car,1020,400,1218,499,0.22153356671333313,-0.45764026045799255,1.4943581819534302,0.0028081138152629137,6.94,19.22
85,3.4,0,car,812,407,942,493,-0.06718791276216507,0.09423992782831192,0.15982383489608765,0.025807969272136688,10.58,26.58
85,3.4,1,car,1021,403,1218,500,0.19289301335811615,0.23857906460762024,0.6137233376502991,0.15861529111862183,6.98,18.49
86,3.44,0,car,811,407,946,494,-0.33971020579338074,-0.06801208108663559,0.7221189737319946,0.30532708764076233,10.19,25.95
86,3.44,1,car,1020,403,1220,502,-0.052295129746198654,0.15572111308574677,0.7167851328849792,0.4276920258998871,6.88,18.0
87,3.48,0,car,813,406,948,494,0.1973300278186798,-0.07821521908044815,0.6882710456848145,0.08708664029836655,10.19,25.46
87,3.48,1,car,1021,404,1221,503,0.2109348177909851,0.21511828899383545,0.5693962574005127,0.3022090494632721,6.88,17.51
88,3.52,0,car,811,407,947,495,-0.20853228867053986,0.10531709343194962,0.06699274480342865,0.2940797507762909,10.11,26.35
88,3.52,1,car,1021,405,1220,506,0.031262051314115524,0.2835731506347656,0.12399106472730637,0.5860753059387207,6.91,17.99
89,3.56,0,car,811,408,946,495,-0.06594595313072205,0.10402905195951462,-0.12015987187623978,0.06261846423149109,10.19,25.97
89,3.56,1,car,1022,404,1222,506,0.27324849367141724,0.021884258836507797,0.2569354772567749,0.3927032947540283,6.88,17.78
90,3.6,0,car,814,409,945,496,0.45207729935646057,0.20739449560642242,-0.11306643486022949,0.12660199403762817,10.5,25.95
90,3.6,1,car,1024,404,1223,506,0.36150702834129333,-0.05407806485891342,0.3250361382961273,0.1662975698709488,6.91,17.69
91,3.64,0,car,814,408,949,495,0.22768184542655945,-0.011034560389816761,0.5427957773208618,-0.06522437930107117,10.19,23.88
91,3.64,1,car,1027,403,1227,506,0.6725509762763977,-0.048801690340042114,0.7981710433959961,0.033937372267246246,6.88,16.31
92,3.68,0,car,812,407,950,494,-0.23340071737766266,-0.2119232565164566,0.462927907705307,-0.23490102589130402,9.96,21.73
92,3.68,1,car,1026,402,1231,505,0.29618486762046814,-0.32687631249427795,1.1596142053604126,-0.16556204855442047,6.71,14.98
93,3.72,0,car,811,407,947,492,-0.24426627159118652,-0.016071751713752747,-0.3695433437824249,-0.3222533166408539,10.11,19.76
93,3.72,1,car,1027,402,1232,503,0.21798227727413177,-0.09852472692728043,0.7264454364776611,-0.2917994558811188,6.71,13.67
94,3.76,0,car,812,407,943,490,0.014188739471137524,-0.11008968204259872,-0.7140672206878662,-0.5000492334365845,10.5,17.17
94,3.76,1,car,1029,401,1233,502,0.4011235535144806,-0.2978033423423767,0.5900601148605347,-0.3424471318721771,6.74,11.91
95,3.8,0,car,812,406,943,491,0.0730338916182518,-0.08404821902513504,-0.4781437814235687,-0.1680653989315033,10.5,14.12
95,3.8,1,car,1028,399,1236,502,0.11523325741291046,-0.36418813467025757,0.7410003542900085,-0.2003806084394455,6.61,9.93
96,3.84,0,car,813,407,943,491,0.20559190213680267,0.11126969009637833,-0.20235539972782135,-0.008251474238932133,10.58,11.75
96,3.84,1,car,1029,399,1238,502,0.1416749358177185,-0.21625182032585144,0.7455084919929504,-0.07389941066503525,6.58,8.32
97,3.88,0,car,813,408,943,491,-0.00463508116081357,0.11026225984096527,-0.041230447590351105,-0.11491521447896957,10.58,10.74
97,3.88,1,car,1028,398,1243,501,-0.06647277623414993,-0.23185093700885773,1.163220763206482,-0.1592782437801361,6.4,7.51
98,3.92,0,car,813,408,944,493,-0.05561397969722748,0.06014819070696831,0.16884015500545502,0.3623414933681488,10.5,10.14
98,3.92,1,car,1032,399,1245,502,0.6647490859031677,0.019791221246123314,0.8933941721916199,0.04192784056067467,6.46,6.95
99,3.96,0,car,812,407,945,493,-0.0433407723903656,-0.13044074177742004,0.14553578197956085,0.1682426482439041,10.34,9.64
99,3.96,1,car,1035,399,1242,502,0.8502088189125061,-0.07637037336826324,-0.030960531905293465,-0.07697230577468872,6.64,6.55
100,4.0,0,car,812,406,944,493,-0.02064361609518528,-0.11957518011331558,-0.07688162475824356,0.043155279010534286,10.42,8.33
100,4.0,1,car,1036,398,1243,502,0.5125576257705688,-0.06610742956399918,0.2018992006778717,0.07855425775051117,6.64,5.71
101,4.04,0,car,811,406,940,491,-0.30705833435058594,-0.06276329606771469,-0.7012051343917847,-0.30941423773765564,10.66,8.7
101,4.04,1,car,1040,398,1247,501,0.94920414686203,-0.18436355888843536,0.7723365426063538,-0.21917682886123657,6.64,6.14
102,4.08,0,car,811,406,938,491,-0.08977469801902771,-0.1707702875137329,-0.6924556493759155,-0.1077665165066719,10.83,7.77
102,4.08,1,car,1044,397,1249,501,1.233143925666809,-0.13084998726844788,0.717833936214447,-0.04449062794446945,6.71,5.75
103,4.12,0,car,810,407,942,491,-0.14505933225154877,0.18066298961639404,0.3765738606452942,-0.008127206936478615,10.42,7.07
103,4.12,1,car,1045,398,1254,503,0.7471837997436523,0.0925748348236084,1.1331725120544434,0.321207731962204,6.58,5.37
104,4.16,0,car,811,408,941,491,0.05732901021838188,0.18768742680549622,0.023953713476657867,-0.1300404667854309,10.58,5.89
104,4.16,1,car,1046,398,1259,506,0.58807373046875,-0.04361268877983093,1.4792879819869995,0.5697585940361023,6.46,4.73
105,4.2,0,car,812,409,942,491,0.08251024782657623,0.25532805919647217,0.2255876064300537,0.048721469938755035,10.58,6.86
105,4.2,1,car,1047,399,1267,506,0.3462110161781311,0.2471715211868286,1.7276978492736816,0.29146236181259155,6.25,5.36
105,4.2,4,car,74,441,146,462,0.0,0.0,0.0,0.0,19.1,11.86
106,4.24,0,car,814,409,941,493,0.33829712867736816,0.11966098099946976,-0.15756838023662567,0.3631274998188019,10.83,7.13
106,4.24,1,car,1045,400,1276,507,-0.14801828563213348,0.19082511961460114,2.3383514881134033,0.25893205404281616,5.95,5.3
107,4.28,0,car,813,407,941,493,0.038030434399843216,-0.27074873447418213,0.012770291417837143,0.05894936993718147,10.74,6.38
107,4.28,1,car,1040,401,1272,508,-0.737137496471405,0.18378479778766632,0.08253101259469986,0.20861266553401947,5.93,4.47
107,4.28,5,car,0,449,59,471,0.0,0.0,0.0,0.0,23.31,3.06
107,4.28,6,car,178,432,226,451,0.0,0.0,0.0,0.0,28.65,3.76
108,4.32,0,car,813,407,942,493,-0.0398169606924057,-0.0344562828540802,0.036614950746297836,-0.032012589275836945,10.66,5.3
108,4.32,1,car,1045,399,1274,507,0.4925343096256256,-0.2181837111711502,0.45217883586883545,-0.0673615038394928,6.0,3.47
108,4.32,6,car,165,432,222,452,-3.411290168762207,0.07258064299821854,-1.0887095928192139,0.3629032075405121,24.12,13.08
109,4.36,0,car,814,406,941,492,0.26570215821266174,-0.2669178545475006,-0.1288188248872757,-0.02973448485136032,10.83,4.98
109,4.36,1,car,1045,398,1270,506,0.07374099642038345,-0.13393689692020416,-0.5205869078636169,-0.0684923604130745,6.11,3.05
109,4.36,6,car,110,433,171,454,-10.844311714172363,0.31620845198631287,-9.402904510498047,0.45619693398475647,22.54,21.77
109,4.36,6,car,80,436,162,480,-12.396597862243652,0.7094380259513855,-7.759799003601074,4.871274948120117,16.77,23.65
110,4.4,0,car,815,407,940,492,0.12992624938488007,0.16807469725608826,-0.06602301448583603,-0.008120110258460045,11.0,4.87
110,4.4,1,car,1047,399,1264,506,0.2661612927913666,0.10366664081811905,-1.085191011428833,-0.028362905606627464,6.34,2.74
110,4.4,6,car,49,441,132,489,-6.559561252593994,0.8059921860694885,-5.487983703613281,2.207148313522339,16.57,20.57
111,4.44,0,car,813,408,941,492,-0.2595367133617401,0.13010293245315552,0.12862321734428406,-0.00032205702154897153,10.74,3.79
111,4.44,1,car,1051,401,1269,506,0.7379438281059265,0.234471395611763,0.34768304228782654,-0.004109731875360012,6.31,1.93
111,4.44,7,car,415,413,455,433,0.0,0.0,0.0,0.0,34.38,7.39
112,4.48,0,car,812,407,944,491,-0.17715300619602203,-0.10289570689201355,0.38538166880607605,-0.2959589958190918,10.42,4.91
112,4.48,1,car,1053,400,1272,506,0.7922344207763672,0.004636302590370178,0.6028634309768677,-0.14678621292114258,6.28,2.8
113,4.52,0,car,812,404,942,488,-0.08297099173069,-0.5462875366210938,-0.03783738985657692,-0.5155776143074036,10.58,4.43
113,4.52,1,car,1054,399,1273,504,0.44565027952194214,-0.20697596669197083,0.5445967316627502,-0.26757070422172546,6.28,2.75
114,4.56,0,car,807,401,944,484,-0.9309800863265991,-0.712765097618103,0.3274427652359009,-0.9427924752235413,10.04,5.12
114,4.56,1,car,1054,395,1275,500,0.307792067527771,-0.770964503288269,0.5853691101074219,-0.9324934482574463,6.22,3.28
115,4.6,0,car,805,402,945,483,-0.7213229537010193,-0.2799861431121826,0.2705018222332001,-0.6222619414329529,9.82,5.39
115,4.6,1,car,1058,392,1279,497,0.7372214794158936,-0.865196168422699,0.9340009093284607,-0.8281459808349609,6.22,3.83
116,4.64,0,car,811,405,943,488,0.5624275803565979,0.40763118863105774,-0.16777323186397552,0.49366649985313416,10.42,6.73
116,4.64,1,car,1061,391,1280,498,0.9642590880393982,-0.49769294261932373,0.5995072722434998,-0.27663353085517883,6.28,4.88
117,4.68,0,car,816,405,943,488,1.0837457180023193,0.24582155048847198,-0.05159560963511467,0.2501424551010132,10.83,6.37
117,4.68,1,car,1063,390,1279,497,0.7362591028213501,-0.48134875297546387,0.24399212002754211,-0.31379783153533936,6.37,4.42
118,4.72,0,car,819,407,943,491,1.0267226696014404,0.3952884376049042,0.0010480915661901236,0.5277639031410217,11.09,6.53
118,4.72,1,car,1060,392,1279,502,-0.10643994063138962,0.04193170741200447,0.04388399049639702,0.5724235773086548,6.28,4.33
119,4.76,0,car,819,407,944,491,0.5480180382728577,0.25426509976387024,0.16461233794689178,0.35918545722961426,11.0,6.74
119,4.76,1,car,1060,393,1279,503,0.030424239113926888,0.3058156967163086,-0.02646176889538765,0.5373058915138245,6.28,4.26
120,4.8,0,car,817,407,944,491,0.028594741597771645,0.1036740243434906,-0.019274752587080002,0.15419280529022217,10.83,6.33
120,4.8,1,car,1061,395,1278,504,0.20197319984436035,0.384878545999527,-0.03223956376314163,0.4362083077430725,6.34,3.77
121,4.84,0,car,817,408,944,492,-0.11545451730489731,0.16951143741607666,-0.05697762221097946,0.18344518542289734,10.83,5.44
121,4.84,1,car,1061,398,1278,509,0.0031914361752569675,0.6830005645751953,-0.019119931384921074,0.9671118259429932,6.34,3.1
122,4.88,0,car,815,405,943,489,-0.4010780453681946,-0.3427432179450989,-0.040720678865909576,-0.34433960914611816,10.74,6.3
122,4.88,1,car,1061,395,1278,507,0.10096144676208496,-0.09876742959022522,-0.004384215921163559,0.07381835579872131,6.34,3.81
122,4.88,8,car,295,415,346,437,0.0,0.0,0.0,0.0,26.96,26.19
123,4.92,0,car,813,405,940,488,-0.38227540254592896,-0.11670131236314774,-0.6099242568016052,-0.27063366770744324,10.83,6.34
123,4.92,1,car,1061,397,1278,507,-0.07393693178892136,0.2455676943063736,0.00027781332028098404,0.024970950558781624,6.34,4.01
124,4.96,0,car,812,404,939,487,-0.35709503293037415,-0.17138077318668365,-0.44362711906433105,-0.2849405109882355,10.83,6.23
124,4.96,1,car,1061,397,1278,505,0.0663386881351471,0.07054156064987183,0.001348337740637362,-0.30117908120155334,6.34,4.1
125,5.0,0,car,813,404,939,487,-0.03749730810523033,-0.1075461283326149,-0.20011046528816223,-0.15932922065258026,10.91,6.35
125,5.0,1,car,1061,395,1279,507,-0.08798129111528397,-0.31478333473205566,0.0008184680482372642,0.24670159816741943,6.31,4.13
125,5.0,9,car,243,418,298,440,0.0,0.0,0.0,0.0,25.0,14.58
126,5.04,0,car,812,404,940,487,-0.23457229137420654,-0.027211489155888557,0.1302267462015152,-0.032553330063819885,10.74,7.15
126,5.04,1,car,1059,395,1279,507,-0.37319567799568176,-0.09731211513280869,0.000348562840372324,0.08917039632797241,6.25,4.48
127,5.08,0,car,814,404,942,487,0.27776896953582764,-0.000440447882283479,0.2807861864566803,-0.14298105239868164,10.74,7.28
127,5.08,1,car,1057,394,1279,507,-0.4275871813297272,-0.14911507070064545,7.171439210651442e-05,0.008704394102096558,6.19,4.35
128,5.12,0,car,816,405,940,488,0.43312713503837585,0.15775080025196075,-0.11070532351732254,0.1962091475725174,11.09,7.95
128,5.12,1,car,1062,396,1279,508,0.5632311105728149,0.22657567262649536,-7.445633673341945e-05,0.2827516794204712,6.34,4.63
128,5.12,10,car,184,419,250,448,0.0,0.0,0.0,0.0,20.83,14.88
129,5.16,0,car,816,406,940,489,0.2126285284757614,0.10282256454229355,0.007464610505849123,0.16347603499889374,11.09,8.87
129,5.16,1,car,1065,395,1279,508,0.7902143001556396,-0.10152791440486908,-3.830963760265149e-05,0.05917982757091522,6.43,5.1
130,5.2,0,car,815,404,938,488,-0.0701652318239212,-0.24899332225322723,-0.41842493414878845,-0.06317736953496933,11.18,10.13
130,5.2,1,car,1065,393,1279,506,0.2762105166912079,-0.2518126368522644,-3.830963760265149e-05,-0.32551881670951843,6.43,5.85
130,5.2,11,car,138,422,205,450,0.0,0.0,0.0,0.0,20.52,23.63
130,5.2,12,bench,15,459,181,517,0.0,0.0,0.0,0.0,8.28,9.54
131,5.24,0,car,816,405,941,488,0.19995002448558807,0.13316091895103455,0.35578006505966187,0.07146716862916946,11.0,10.32
131,5.24,1,car,1066,392,1279,507,0.18905527889728546,-0.27174022793769836,-3.830963760265149e-05,0.10487952083349228,6.46,5.93
131,5.24,11,car,128,422,202,451,-2.4677419662475586,0.07258064299821854,-0.7258064150810242,0.5080645084381104,18.58,17.72
132,5.28,0,car,816,405,941,488,-0.026197237893939018,-0.038165342062711716,0.10864038020372391,-0.09825289249420166,11.0,11.09
132,5.28,1,car,1068,394,1279,507,0.3576144874095917,0.18309855461120605,-3.830963760265149e-05,-0.02614099346101284,6.52,6.55
132,5.28,13,car,59,423,167,461,0.0,0.0,0.0,0.0,12.73,16.45
133,5.32,0,car,815,403,940,487,-0.052589014172554016,-0.19580429792404175,-0.1503000259399414,-0.0713488757610321,11.0,12.66
133,5.32,1,car,1069,394,1279,506,0.3775961995124817,0.0355856753885746,-3.830963760265149e-05,-0.03843638673424721,6.55,7.56
134,5.36,0,car,811,402,938,487,-0.7786307334899902,-0.2861129343509674,-0.279462993144989,-0.18348920345306396,10.83,13.38
134,5.36,1,car,1069,393,1279,506,0.2109353393316269,-0.16936351358890533,-3.830963760265149e-05,-0.17564433813095093,6.55,8.15
135,5.4,0,car,811,403,940,485,-0.4560132622718811,-0.02719833143055439,0.11822310090065002,-0.27989235520362854,10.66,14.2
135,5.4,1,car,1069,391,1279,505,0.07346528768539429,-0.4463292956352234,-3.830963760265149e-05,-0.13036856055259705,6.55,8.72
136,5.44,0,car,814,403,940,487,0.2853340208530426,0.050059374421834946,0.0131086939945817,0.1253056824207306,10.91,16.22
136,5.44,1,car,1069,393,1279,506,0.005756750237196684,0.13856808841228485,-3.830963760265149e-05,0.09077492356300354,6.55,9.98
137,5.48,0,car,813,406,938,489,0.040521059185266495,0.49920836091041565,-0.320794939994812,0.47183334827423096,11.0,16.75
137,5.48,1,car,1070,394,1279,509,0.2875710129737854,0.37400516867637634,-3.830963760265149e-05,0.5576378703117371,6.58,10.32
138,5.52,0,car,813,408,938,490,0.1112414225935936,0.537369966506958,-0.10913064330816269,0.3457842171192169,11.0,16.47
138,5.52,1,car,1070,395,1279,510,0.0779162347316742,0.2643108665943146,-3.830963760265149e-05,0.42330536246299744,6.58,10.1
139,5.56,0,car,814,408,940,491,0.07877381891012192,0.3039923906326294,0.29511815309524536,0.30833467841148376,10.91,16.76
139,5.56,1,car,1071,395,1279,511,0.12830612063407898,0.07890965789556503,-3.830963760265149e-05,0.28612378239631653,6.61,10.12
139,5.56,14,car,372,420,409,442,0.0,0.0,0.0,0.0,37.16,52.4
140,5.6,0,car,811,406,940,489,-0.4246417284011841,-0.23486749827861786,0.0705156922340393,-0.1841065138578415,10.66,17.59
140,5.6,1,car,1072,396,1279,512,0.3766409754753113,0.15783452987670898,-3.830963760265149e-05,0.28188639879226685,6.64,10.76
141,5.64,0,car,813,407,937,489,0.11554037779569626,0.06650709360837936,-0.44613033533096313,-0.044773899018764496,11.09,17.7
141,5.64,1,car,1076,397,1279,514,0.7225865721702576,0.25751328468322754,-3.830963760265149e-05,0.45535755157470703,6.77,11.04
141,5.64,15,car,347,420,386,441,0.0,0.0,0.0,0.0,35.26,65.3
142,5.68,0,car,809,407,937,488,-0.5669391751289368,-0.04726389795541763,-0.15904542803764343,-0.28256598114967346,10.74,19.42
142,5.68,1,car,1077,397,1279,513,0.5260962843894958,0.1282433569431305,-3.830963760265149e-05,0.07637283205986023,6.81,12.35
143,5.72,0,car,807,405,935,486,-0.5880300998687744,-0.3436864912509918,-0.4806051552295685,-0.34871727228164673,10.74,21.32
143,5.72,1,car,1076,395,1279,510,0.032437410205602646,-0.2659338414669037,-3.830963760265149e-05,-0.4801502227783203,6.77,13.73
143,5.72,16,car,332,420,375,443,0.0,0.0,0.0,0.0,31.98,75.55
144,5.76,0,car,811,405,936,487,0.35878387093544006,-0.06215723976492882,0.02658296748995781,-0.00635454012081027,11.0,23.02
144,5.76,1,car,1077,394,1279,510,0.21827542781829834,-0.1811073124408722,-3.830963760265149e-05,-0.15043586492538452,6.81,14.83
144,5.76,16,car,327,420,371,442,-1.1612902879714966,0.0,-1.0887095928192139,-0.07258064299821854,31.25,69.75
144,5.76,17,car,269,430,335,451,0.0,0.0,0.0,0.0,20.83,45.89
145,5.8,0,car,812,405,936,489,0.2697409987449646,0.03156980499625206,-0.04562639817595482,0.20070965588092804,11.09,23.44
145,5.8,1,car,1081,393,1279,510,0.5674058198928833,-0.20635192096233368,-3.830963760265149e-05,-0.0008259784081019461,6.94,15.01
145,5.8,16,car,298,421,344,445,-4.415003299713135,0.14833082258701324,-3.990725517272949,0.46570706367492676,29.89,60.25
146,5.84,0,car,812,407,935,490,0.09867999702692032,0.3201051950454712,-0.02894364483654499,0.2587943375110626,11.18,23.24
146,5.84,1,car,1078,393,1279,513,-0.1492169350385666,-0.08871221542358398,-3.830963760265149e-05,0.4713464677333832,6.84,14.73
146,5.84,16,car,281,424,334,448,-4.34561014175415,0.5166818499565125,-3.1061789989471436,0.5614504218101501,25.94,53.5
147,5.88,0,car,816,409,935,492,0.7515544295310974,0.3318130671977997,-0.15729942917823792,0.41295644640922546,11.55,22.12
147,5.88,1,car,1080,392,1279,515,0.2591966688632965,-0.1474086046218872,-3.830963760265149e-05,0.36085352301597595,6.91,13.66
147,5.88,16,car,266,424,317,449,-4.6238532066345215,0.3570687174797058,-4.374432563781738,0.4781610071659088,26.96,49.56
148,5.92,0,car,814,406,933,490,-0.01990613527595997,-0.30734413862228394,-0.23557612299919128,-0.10022447258234024,11.55,24.2
148,5.92,1,car,1083,391,1279,514,0.4579804837703705,-0.2159581482410431,-3.830963760265149e-05,-0.01384033914655447,7.02,14.8
148,5.92,16,car,249,425,306,450,-4.469580173492432,0.2523307800292969,-3.4185526371002197,0.31995585560798645,24.12,46.54
149,5.96,0,car,813,407,930,491,-0.2968498766422272,0.054405611008405685,-0.5545793771743774,0.16179099678993225,11.75,25.69
149,5.96,1,car,1084,395,1279,516,0.3710153102874756,0.4943375587463379,-3.830963760265149e-05,0.37111619114875793,7.05,15.79
149,5.96,16,car,243,426,297,451,-2.687577247619629,0.2319840043783188,-2.7027881145477295,0.24997468292713165,25.46,45.95
150,6.0,0,car,812,405,929,490,-0.17158685624599457,-0.3560325801372528,-0.43245312571525574,-0.18239077925682068,11.75,26.16
150,6.0,1,car,1079,392,1279,512,-0.605656623840332,-0.2624434530735016,-3.830963760265149e-05,-0.5199077129364014,6.88,15.83
150,6.0,16,car,224,426,280,451,-3.8774499893188477,0.09093964099884033,-3.6352732181549072,0.08918754011392593,24.55,46.78
151,6.04,0,car,810,404,928,485,-0.34326136112213135,-0.2201465666294098,-0.30204522609710693,-0.7296773195266724,11.65,24.6
151,6.04,1,car,1082,391,1279,511,0.22591371834278107,-0.20810626447200775,-3.830963760265149e-05,-0.3054336905479431,6.98,14.99
151,6.04,16,car,210,423,268,452,-3.723910331726074,-0.43313559889793396,-3.281787157058716,0.15498510003089905,23.71,43.59
151,6.04,18,car,87,441,137,457,0.0,0.0,0.0,0.0,27.5,29.73
152,6.08,0,car,811,405,929,487,0.014215250499546528,0.10364972800016403,0.07924108952283859,-0.01986413635313511,11.65,23.23
152,6.08,1,car,1084,393,1279,511,0.3199399411678314,0.2314215898513794,-3.830963760265149e-05,-0.05936315655708313,7.05,14.28
152,6.08,16,car,189,423,249,453,-4.036632061004639,-0.07363459467887878,-3.589327573776245,0.19869759678840637,22.92,40.67
152,6.08,18,car,70,441,130,460,-4.207791805267334,0.11688310652971268,-1.5194803476333618,0.8181817531585693,22.92,25.59
152,6.08,19,car,275,431,338,448,0.0,0.0,0.0,0.0,21.83,24.05
153,6.12,0,car,814,406,932,486,0.318674772977829,0.061298668384552,0.33409738540649414,-0.04757898673415184,11.65,21.86
153,6.12,1,car,1085,393,1279,510,0.24732357263565063,-0.01596705988049507,-3.830963760265149e-05,-0.12601076066493988,7.09,13.32
153,6.12,16,car,169,422,228,452,-3.507047176361084,-0.10280393809080124,-3.556480646133423,-0.0916813537478447,23.31,37.07
154,6.16,0,car,812,405,930,486,-0.1289195865392685,-0.12657839059829712,-0.12811994552612305,-0.022686701267957687,11.65,18.81
154,6.16,1,car,1085,393,1279,513,0.0912289023399353,0.10624858736991882,-3.830963760265149e-05,0.38144993782043457,7.09,11.44
154,6.16,16,car,152,421,211,451,-3.8849353790283203,-0.19265133142471313,-3.960798501968384,-0.07020020484924316,23.31,30.58
155,6.2,0,car,813,400,928,482,0.16366247832775116,-0.8319249749183655,-0.28641101717948914,-0.7506898641586304,11.96,16.52
155,6.2,1,car,1086,388,1279,506,0.141550675034523,-0.8070521950721741,-3.830963760265149e-05,-0.947088360786438,7.12,10.14
155,6.2,16,car,133,422,269,451,-4.471230983734131,0.05494996905326843,7.431573390960693,-0.024326860904693604,10.11,24.22
155,6.2,16,car,128,422,222,451,-3.73356032371521,-0.05919758975505829,-3.4323313236236572,-0.009617301635444164,14.63,24.44
156,6.24,0,car,816,404,935,486,0.38310015201568604,0.35370954871177673,0.8901339769363403,0.3730219006538391,11.55,16.48
156,6.24,1,car,1088,395,1279,513,0.3319539427757263,0.7812482714653015,-3.830963760265149e-05,0.6850649118423462,7.2,10.0
156,6.24,16,car,114,424,242,453,-2.6081483364105225,0.22864723205566406,2.068371057510376,0.14124543964862823,10.74,22.39
156,6.24,16,car,104,422,188,454,-2.945422887802124,-0.12952499091625214,-7.805997371673584,0.3865577280521393,16.37,15.11
157,6.28,0,car,813,403,934,486,-0.2859952449798584,-0.022260287776589394,0.13172291219234467,0.1171111911535263,11.36,15.2
157,6.28,1,car,1086,395,1279,512,-0.16342714428901672,0.29845646023750305,-3.830963760265149e-05,0.13430143892765045,7.12,9.27
157,6.28,16,car,75,425,140,457,-3.9670536518096924,0.29353711009025574,-6.9343695640563965,0.3496743142604828,21.15,13.66
157,6.28,20,car,130,431,217,454,0.0,0.0,0.0,0.0,15.8,9.04
158,6.32,0,car,815,400,937,485,0.2651985287666321,-0.323286235332489,0.3324398696422577,-0.14621686935424805,11.27,11.62
158,6.32,1,car,1088,395,1279,514,0.3060123920440674,0.05468061566352844,-3.830963760265149e-05,0.2728341817855835,7.2,7.3
158,6.32,16,car,52,414,119,453,-3.9425089359283447,-1.2644811868667603,-4.207298278808594,-0.4792289733886719,20.52,15.45
159,6.36,0,car,814,400,934,484,-0.12373822927474976,-0.1665436327457428,-0.2820884585380554,-0.08945540338754654,11.46,9.34
159,6.36,1,car,1090,394,1279,514,0.3587767481803894,-0.17123781144618988,-3.830963760265149e-05,0.13596810400485992,7.28,5.92
159,6.36,16,car,15,413,94,453,-7.0738959312438965,-0.692444920539856,-5.550698757171631,-0.14154237508773804,17.41,14.92
160,6.4,0,car,810,400,931,484,-0.7187158465385437,-0.03815324977040291,-0.5257902145385742,-0.02556760422885418,11.36,7.52
160,6.4,1,car,1089,393,1279,514,0.007499495521187782,-0.1106882095336914,-3.830963760265149e-05,0.030552366748452187,7.24,4.95
160,6.4,16,car,-7,413,82,454,-6.26038932800293,-0.32345497608184814,-3.9755771160125732,0.15410873293876648,15.45,15.25
161,6.44,0,car,812,400,931,485,0.09127917140722275,0.0021272441372275352,-0.33473649621009827,0.14648082852363586,11.55,6.03
161,6.44,1,car,1089,396,1279,516,-0.06094573810696602,0.41021689772605896,-3.830963760265149e-05,0.4375176727771759,7.24,4.09
161,6.44,16,car,-6,420,62,453,-1.6505844593048096,0.9706824421882629,-4.006191730499268,-0.19033664464950562,20.22,17.23
162,6.48,0,car,811,401,930,485,-0.21221448481082916,0.1609598696231842,-0.23632320761680603,-0.04872889071702957,11.55,7.01
162,6.48,1,car,1088,397,1279,517,-0.19510957598686218,0.3227525055408478,-3.830963760265149e-05,0.3169572949409485,7.2,4.66
163,6.52,0,car,810,400,935,484,-0.17304545640945435,-0.17835867404937744,0.6283011436462402,-0.06258333474397659,11.0,6.26
163,6.52,1,car,1091,393,1279,513,0.4659624695777893,-0.45240068435668945,-3.830963760265149e-05,-0.4639270305633545,7.31,4.07
164,6.56,0,car,812,404,933,486,0.2178548127412796,0.5728599429130554,0.10838079452514648,0.26478537917137146,11.36,6.27
164,6.56,1,car,1095,395,1279,517,0.8740682601928711,0.011965001933276653,-3.830963760265149e-05,0.4578549265861511,7.47,3.99
165,6.6,0,car,813,407,935,489,0.21757803857326508,0.8047077655792236,0.3816807270050049,0.5295282602310181,11.27,6.12
165,6.6,1,car,1094,394,1279,520,0.2793618440628052,-0.17862454056739807,-3.830963760265149e-05,0.6326678395271301,7.43,3.86
166,6.64,0,car,814,408,933,489,0.2698709964752197,0.4988386332988739,-0.1748097985982895,0.35642120242118835,11.55,7.0
166,6.64,1,car,1094,393,1279,520,0.15389272570610046,-0.14587266743183136,-3.830963760265149e-05,0.390616774559021,7.43,4.42
167,6.68,0,car,815,408,934,489,0.3117312788963318,0.3469179570674896,0.06547749042510986,0.15162776410579681,11.55,5.17
167,6.68,1,car,1096,398,1279,520,0.3540894687175751,0.6820411086082458,-3.830963760265149e-05,0.1528739631175995,7.51,3.31
168,6.72,0,car,816,409,934,491,0.3320728838443756,0.30242589116096497,-0.05422600731253624,0.3328344523906708,11.65,5.99
168,6.72,1,car,1095,399,1279,521,0.09375569224357605,0.5826310515403748,-3.830963760265149e-05,0.17444883286952972,7.47,3.88
169,6.76,0,car,811,409,933,492,-0.5666635632514954,0.15442901849746704,-0.21067801117897034,0.3788132071495056,11.27,6.18
169,6.76,1,car,1095,399,1279,523,-0.014366641640663147,0.2940533459186554,-3.830963760265149e-05,0.5532265901565552,7.47,3.98
170,6.8,0,car,809,410,931,493,-0.688052773475647,0.19797420501708984,-0.30563464760780334,0.36985209584236145,11.27,7.19
170,6.8,1,car,1094,400,1279,525,-0.18587881326675415,0.23895269632339478,-3.830963760265149e-05,0.5494176745414734,7.43,4.69
171,6.84,0,car,809,414,930,494,-0.4075537323951721,0.8731343150138855,-0.3421230614185333,0.3510788679122925,11.36,6.96
171,6.84,1,car,1098,402,1279,528,0.6085859537124634,0.41845986247062683,-3.830963760265149e-05,0.7522016167640686,7.6,4.44
172,6.88,0,car,807,414,931,493,-0.4539232850074768,0.34726783633232117,-0.045891620218753815,0.036842428147792816,11.09,7.94
172,6.88,1,car,1098,401,1279,528,0.3831785023212433,0.12381093204021454,-3.830963760265149e-05,0.3125098943710327,7.6,5.03
173,6.92,0,car,809,409,929,489,0.04111756011843681,-0.5454838275909424,-0.40255987644195557,-0.6621001958847046,11.46,8.07
173,6.92,1,car,1097,394,1279,522,0.002249086508527398,-1.0617311000823975,-3.830963760265149e-05,-0.6935065984725952,7.55,5.05
174,6.96,0,car,810,407,928,488,0.29822924733161926,-0.6749413013458252,-0.3105476498603821,-0.5391427278518677,11.65,8.5
174,6.96,1,car,1100,391,1279,520,0.508026659488678,-1.1823838949203491,-3.830963760265149e-05,-0.7846264243125916,7.68,5.29
175,7.0,0,car,811,404,927,485,0.22827932238578796,-0.8546278476715088,-0.2976212203502655,-0.7165015935897827,11.85,8.59
175,7.0,1,car,1100,390,1279,519,0.2552390694618225,-0.6781611442565918,-3.830963760265149e-05,-0.4528174102306366,7.68,5.29
176,7.04,0,car,813,403,929,484,0.408872127532959,-0.6642643213272095,0.1417025774717331,-0.5880101323127747,11.85,8.52
176,7.04,1,car,1100,389,1279,518,0.0759987160563469,-0.5456629395484924,-3.830963760265149e-05,-0.46575304865837097,7.68,5.44
177,7.08,0,car,810,403,931,484,-0.1826431155204773,-0.3158073425292969,0.48999854922294617,-0.289662629365921,11.36,8.22
177,7.08,1,car,1101,390,1279,519,0.13510571420192719,-0.037025440484285355,-3.830963760265149e-05,-0.04125320166349411,7.72,5.33
177,7.08,21,car,221,426,268,444,0.0,0.0,0.0,0.0,29.26,15.71
178,7.12,0,car,810,403,931,484,-0.07212524861097336,-0.03989566117525101,0.1349371075630188,-0.04190017655491829,11.36,7.65
178,7.12,1,car,1102,391,1279,520,0.38201257586479187,0.22087693214416504,-3.830963760265149e-05,0.20307868719100952,7.77,5.06
179,7.16,0,car,809,403,929,484,-0.31584277749061584,0.02849883772432804,-0.2862718105316162,0.0222207959741354,11.46,7.63
179,7.16,1,car,1102,393,1279,520,0.1203431785106659,0.3374718129634857,-3.830963760265149e-05,0.021901652216911316,7.77,5.1
180,7.2,0,car,809,404,926,485,-0.08334516733884811,0.18416324257850647,-0.5659463405609131,0.17965249717235565,11.75,7.06
180,7.2,1,car,1104,392,1279,519,0.4532219469547272,0.06269460171461105,-3.830963760265149e-05,-0.18490204215049744,7.86,4.58
181,7.24,0,car,809,404,929,485,0.013123245909810066,-0.011246186681091785,0.07360897958278656,-0.013261264190077782,11.46,6.92
181,7.24,1,car,1104,390,1279,518,0.11570709943771362,-0.34200674295425415,-3.830963760265149e-05,-0.12585563957691193,7.86,4.44
181,7.24,22,car,151,429,200,446,0.0,0.0,0.0,0.0,28.06,15.23
182,7.28,0,car,810,404,926,485,0.029284849762916565,0.09629414230585098,-0.4089772403240204,0.09610317647457123,11.85,6.52
182,7.28,1,car,1101,391,1279,520,-0.456674724817276,0.08078039437532425,-3.830963760265149e-05,0.254150927066803,7.72,4.14
182,7.28,22,car,144,429,193,446,-1.669354796409607,0.0,-1.8870967626571655,0.14516128599643707,28.06,13.38
183,7.32,0,car,810,405,923,484,0.16243793070316315,0.059144143015146255,-0.5508439540863037,-0.23557330667972565,12.17,6.0
183,7.32,1,car,1102,391,1279,520,0.0041248612105846405,-0.03710203617811203,-3.830963760265149e-05,0.02576529234647751,7.77,3.72
183,7.32,22,car,100,429,162,451,-8.558112144470215,0.0,-5.971626281738281,0.9537690281867981,22.18,20.54
184,7.36,0,car,811,405,925,484,0.09084048867225647,0.017289400100708008,0.045030660927295685,-0.009278601966798306,12.06,5.38
184,7.36,1,car,1102,390,1279,521,0.08620921522378922,-0.03674495220184326,-3.830963760265149e-05,0.26483145356178284,7.77,3.36
184,7.36,22,car,63,431,124,454,-8.927029609680176,0.4402262568473816,-8.184252738952637,0.889752984046936,22.54,25.82
185,7.4,0,car,810,405,925,485,-0.12421509623527527,-0.0006416922551579773,-0.020446980372071266,0.18584802746772766,11.96,4.77
185,7.4,1,car,1107,392,1279,522,0.7906991839408875,0.28130245208740234,-3.830963760265149e-05,0.15165311098098755,7.99,3.0
185,7.4,22,car,32,430,103,455,-8.159375190734863,-0.028362222015857697,-6.4400458335876465,0.35566461086273193,19.37,26.28
186,7.44,0,car,808,404,925,485,-0.23806238174438477,-0.15164709091186523,0.12779675424098969,-0.03668481484055519,11.75,4.76
186,7.44,1,car,1107,393,1279,522,0.30297157168388367,0.1727854460477829,-3.830963760265149e-05,0.0411067008972168,7.99,3.01
186,7.44,22,car,7,431,72,456,-7.032784938812256,0.1963096410036087,-7.1835761070251465,0.34071117639541626,21.15,30.09
187,7.48,0,car,810,404,925,486,0.17836013436317444,0.058693014085292816,-0.06892505288124084,0.24058066308498383,11.96,4.92
187,7.48,1,car,1110,393,1279,523,0.478649765253067,0.05058179795742035,-3.830963760265149e-05,0.2927819490432739,8.14,3.08
187,7.48,22,car,-7,432,47,456,-5.028668403625488,0.12131711840629578,-6.619080066680908,0.13610227406024933,25.46,34.52
188,7.52,0,car,809,405,927,487,-0.14738668501377106,0.062376704066991806,0.38025933504104614,0.14874599874019623,11.65,5.22
188,7.52,1,car,1110,393,1279,523,0.29726332426071167,0.005571186076849699,-3.830963760265149e-05,0.05952409282326698,8.14,3.37
189,7.56,0,car,808,405,927,486,-0.14141130447387695,0.0352105088531971,0.14423173666000366,-0.08329498767852783,11.55,5.39
189,7.56,1,car,1108,392,1279,523,-0.18688498437404633,-0.15991291403770447,0.1515320986509323,-0.026492854580283165,8.04,3.53
190,7.6,0,car,808,405,925,485,-0.0755988135933876,0.012332480400800705,-0.28414154052734375,-0.10407301038503647,11.75,6.08
190,7.6,1,car,1110,390,1280,522,0.23004251718521118,-0.28009703755378723,0.12083657830953598,-0.18726134300231934,8.09,4.02
191,7.64,0,car,809,405,927,484,0.12642312049865723,0.0009993173880502582,0.19089148938655853,-0.36449581384658813,11.65,6.31
191,7.64,1,car,1113,387,1280,519,0.532099187374115,-0.63593590259552,0.05846651643514633,-0.44447341561317444,8.23,4.12
192,7.68,0,car,808,405,928,483,-0.18172696232795715,-0.0022959131747484207,0.2236320972442627,-0.264888733625412,11.46,6.37
192,7.68,1,car,1111,388,1280,521,0.06612098217010498,-0.28729864954948425,0.01631227880716324,-0.0068311020731925964,8.14,4.24
193,7.72,0,car,807,404,925,483,-0.177200585603714,-0.0020889139268547297,-0.321438193321228,-0.12000769376754761,11.65,5.43
193,7.72,1,car,1110,388,1280,521,-0.23215006291866302,-0.06938230246305466,-0.001720147323794663,0.10672718286514282,8.09,3.59
194,7.76,0,car,807,404,924,482,-0.09593506902456284,-0.15183624625205994,-0.313673198223114,-0.1799103021621704,11.75,5.54
194,7.76,1,car,1110,388,1279,523,-0.05171234905719757,0.017018400132656097,-0.15623120963573456,0.23786009848117828,8.14,3.67
195,7.8,0,car,807,403,924,482,-0.032029278576374054,-0.12098279595375061,-0.16987137496471405,-0.11368142068386078,11.75,4.44
195,7.8,1,car,1113,390,1278,525,0.47257378697395325,0.32726237177848816,-0.10151928663253784,0.4273274838924408,8.33,3.07
195,7.8,23,car,73,432,123,452,0.0,0.0,0.0,0.0,27.5,2.81
196,7.84,0,car,806,402,926,482,-0.2956860363483429,-0.19037118554115295,0.26641973853111267,-0.02917429618537426,11.46,4.01
196,7.84,1,car,1111,390,1278,525,-0.15271544456481934,0.043474141508340836,-0.031590595841407776,0.20990759134292603,8.23,2.93
196,7.84,24,car,5,431,77,455,0.0,0.0,0.0,0.0,19.1,8.67
197,7.88,0,car,803,404,925,482,-0.464467316865921,0.2042199969291687,-0.10589112341403961,0.003503503045067191,11.27,4.04
197,7.88,1,car,1114,392,1278,526,0.393905371427536,0.41727766394615173,-0.004568764474242926,0.2246970534324646,8.38,2.85
198,7.92,0,car,806,405,924,484,0.15701666474342346,0.18620695173740387,-0.1275811344385147,0.3051188290119171,11.65,4.08
198,7.92,1,car,1117,393,1278,527,0.6565829515457153,0.32240185141563416,0.004348101560026407,0.2778559923171997,8.54,2.83
199,7.96,0,car,807,405,928,485,0.24329012632369995,0.09697353839874268,0.5311107635498047,0.24291813373565674,11.36,3.32
199,7.96,1,car,1118,392,1279,528,0.5758828520774841,0.0011195465922355652,0.004588060546666384,0.3163786828517914,8.54,2.34
200,8.0,0,car,807,406,924,486,0.15458828210830688,0.18178066611289978,-0.45169752836227417,0.2683122754096985,11.75,3.66
200,8.0,1,car,1117,393,1279,528,0.06218256428837776,0.219464510679245,0.0018702626693993807,0.13683073222637177,8.49,2.52
200,8.0,25,car,370,418,420,436,0.0,0.0,0.0,0.0,27.5,6.97
201,8.04,0,car,805,405,923,485,-0.25870853662490845,-0.055228643119335175,-0.2764725089073181,-0.0351690798997879,11.65,3.54
201,8.04,1,car,1118,394,1279,529,0.07915975153446198,0.1298932135105133,0.00028596550691872835,0.1707850992679596,8.54,2.35
201,8.04,25,car,364,418,414,436,-1.524193525314331,0.07258064299821854,-1.524193525314331,0.0,27.5,11.23
202,8.08,0,car,802,404,923,485,-0.4765493869781494,-0.06594515591859818,-0.08135191351175308,0.07760857045650482,11.36,3.07
202,8.08,1,car,1119,394,1279,527,0.18344470858573914,0.03650551289319992,-0.000147576691233553,-0.2200080305337906,8.59,2.05
202,8.08,25,car,326,418,390,436,-7.28296422958374,-0.0051633138209581375,-4.711989879608154,0.16068588197231293,21.48,15.86
203,8.12,0,car,802,404,923,484,-0.23460574448108673,-0.02888181433081627,0.0027643050998449326,-0.24351072311401367,11.36,3.1
203,8.12,1,car,1120,394,1279,526,0.2695516049861908,0.003005375387147069,0.14861881732940674,-0.19381816685199738,8.65,2.1
203,8.12,25,car,322,415,372,435,-2.6695425510406494,-0.30335113406181335,-3.9867327213287354,-0.19731661677360535,27.5,16.83
204,8.16,0,car,801,404,920,481,-0.1993311643600464,-0.0049797105602920055,-0.5758853554725647,-0.4543898403644562,11.55,3.34
204,8.16,1,car,1120,394,1280,525,0.096031054854393,-0.007203009445220232,0.07733165472745895,-0.19195330142974854,8.59,2.13
204,8.16,25,car,275,417,353,438,-8.983798027038574,0.07685738801956177,-5.051414966583252,0.41890695691108704,17.63,18.5
205,8.2,0,car,801,405,917,483,-0.07478076219558716,0.15044613182544708,-0.636750340461731,0.07244984805583954,11.85,2.91
205,8.2,1,car,1113,394,1279,527,-0.9952973127365112,0.14097951352596283,-0.11298763006925583,0.18550345301628113,8.28,1.81
206,8.24,0,car,800,406,918,484,-0.16731682419776917,0.11183343827724457,-0.06613245606422424,0.1368573158979416,11.65,2.27
206,8.24,1,car,1114,396,1278,529,-0.3657585680484772,0.2667592167854309,-0.11033416539430618,0.5018964409828186,8.38,1.43
207,8.28,0,car,800,407,921,484,-0.11463181674480438,0.20278562605381012,0.41131675243377686,0.09089785814285278,11.36,1.84
207,8.28,1,car,1117,397,1278,531,0.30958303809165955,0.28792712092399597,-0.043504536151885986,0.4293665289878845,8.54,1.26
207,8.28,26,car,155,427,213,446,0.0,0.0,0.0,0.0,23.71,1.39
208,8.32,0,car,799,407,918,484,-0.18260739743709564,0.10395149886608124,-0.3151540756225586,0.025046508759260178,11.55,1.55
208,8.32,1,car,1116,398,1278,532,-0.07726501673460007,0.22907064855098724,-0.0009208582923747599,0.2535351812839508,8.49,1.16
208,8.32,26,car,147,427,205,446,-1.9596773386001587,0.14516128599643707,-2.0322580337524414,0.07258064299821854,23.71,3.0
208,8.32,26,car,114,428,186,449,-8.720369338989258,0.1907324492931366,-5.35449743270874,0.872382640838623,19.1,8.5
209,8.36,0,car,801,407,918,484,0.21994073688983917,0.012678020633757114,-0.07608278095722198,-0.004322874825447798,11.75,1.7
209,8.36,1,car,1115,395,1278,531,-0.07507918775081635,-0.36805909872055054,0.005584578961133957,-0.09270153939723969,8.44,1.36
209,8.36,26,car,82,430,149,449,-4.358015060424805,0.26937809586524963,-4.680886268615723,0.015101499855518341,20.52,12.13
209,8.36,27,car,165,424,257,448,0.0,0.0,0.0,0.0,14.95,6.15
210,8.4,0,car,799,405,918,485,-0.31118083000183105,-0.14443005621433258,0.016547037288546562,0.13040654361248016,11.55,1.85
210,8.4,1,car,1115,395,1279,530,-0.013886108063161373,-0.0115809366106987,0.001870405045337975,-0.06235261261463165,8.38,1.49
210,8.4,26,car,50,433,113,452,-6.579302787780762,0.5570652484893799,-7.448155403137207,0.522923469543457,21.83,15.24
210,8.4,26,car,51,431,118,452,-2.3036019802093506,-0.022531533613801003,-2.00486421585083,0.15548501908779144,20.52,16.89
210,8.4,27,car,155,424,240,448,-2.454545259475708,0.11688310652971268,-4.207791805267334,0.11688310652971268,16.18,8.43
211,8.44,0,car,800,406,921,484,0.1375732421875,0.08377546072006226,0.2996028959751129,-0.09022891521453857,11.36,2.06
211,8.44,1,car,1118,395,1279,529,0.44233813881874084,-0.11224794387817383,0.14745783805847168,-0.1693573147058487,8.54,1.56
211,8.44,27,car,114,428,191,450,-6.733320713043213,0.5792424082756042,-8.482646942138672,0.27753397822380066,17.86,14.44
212,8.48,0,car,800,405,921,481,-0.028455309569835663,-0.22940224409103394,0.1622522473335266,-0.36372965574264526,11.36,3.16
212,8.48,1,car,1118,391,1280,526,0.11341392248868942,-0.6607646346092224,0.08636176586151123,-0.5357242822647095,8.49,2.27
212,8.48,27,car,73,425,156,450,-8.87009334564209,-0.11707479506731033,-8.59243106842041,0.14233507215976715,16.57,18.52
213,8.52,0,car,799,404,920,482,-0.04179004952311516,-0.15000200271606445,-0.1080099418759346,-0.04845704883337021,11.36,3.78
213,8.52,1,car,1119,390,1280,527,0.13523806631565094,-0.3676181435585022,0.02420097589492798,-0.13572366535663605,8.54,2.63
213,8.52,27,car,11,428,124,455,-13.050317764282227,0.41102731227874756,-8.262939453125,0.9195793271064758,12.17,19.9
214,8.56,0,car,798,404,919,481,-0.16760465502738953,-0.046730201691389084,-0.09288795292377472,-0.11085786670446396,11.36,4.0
214,8.56,1,car,1121,388,1280,525,0.5251836180686951,-0.44753411412239075,0.0020631388761103153,-0.44837749004364014,8.65,2.71
215,8.6,0,car,797,404,919,480,-0.2646150588989258,-0.006965283770114183,-0.04865527153015137,-0.2215757817029953,11.27,4.45
215,8.6,1,car,1124,388,1280,523,0.6880549788475037,-0.2642275393009186,-0.0044679963029921055,-0.47506633400917053,8.81,2.97
216,8.64,0,car,800,405,919,481,0.2858879268169403,0.1578146517276764,-0.16693010926246643,0.0027763652615249157,11.55,5.09
216,8.64,1,car,1123,393,1279,526,0.11435677856206894,0.657665491104126,-0.004061916843056679,0.3385603129863739,8.81,3.42
217,8.68,0,car,798,403,917,481,-0.15931151807308197,-0.3260544538497925,-0.2720857560634613,-0.09340403228998184,11.55,4.86
217,8.68,1,car,1124,391,1279,525,0.22037549316883087,-0.011946959421038628,-0.0021289484575390816,-0.06302766501903534,8.87,3.39
218,8.72,0,car,800,403,915,482,0.25355079770088196,-0.14906415343284607,-0.4769705533981323,0.2263585478067398,11.96,4.28
218,8.72,1,car,1124,390,1279,526,0.11518841981887817,-0.022638000547885895,-0.14980663359165192,0.17315086722373962,8.87,2.95
218,8.72,28,car,394,417,448,436,0.0,0.0,0.0,0.0,25.46,2.42
219,8.76,0,car,797,401,913,482,-0.3924248516559601,-0.31456777453422546,-0.5418826937675476,0.02155567705631256,11.85,3.79
219,8.76,1,car,1127,387,1279,527,0.6368098855018616,-0.6066590547561646,0.037613529711961746,0.13963134586811066,9.05,2.66
220,8.8,0,car,798,402,914,482,-0.040750108659267426,-0.05724005401134491,-0.1651451140642166,-0.025624610483646393,11.85,3.08
220,8.8,1,car,1128,389,1280,528,0.38650670647621155,0.05945003405213356,0.06231269612908363,0.19733591377735138,9.05,2.28
220,8.8,29,car,382,418,429,437,0.0,0.0,0.0,0.0,29.26,0.48
221,8.84,0,car,796,404,915,482,-0.37728992104530334,0.3417063057422638,0.17872211337089539,0.12772974371910095,11.55,2.98
221,8.84,1,car,1127,392,1280,531,-0.0350988432765007,0.5888453722000122,0.030046505853533745,0.5343102812767029,8.99,2.22
221,8.84,29,car,378,418,427,437,-0.8709677457809448,0.14516128599643707,-0.4354838728904724,0.07258064299821854,28.06,7.55
222,8.88,0,car,797,404,915,483,0.07952894270420074,0.06497420370578766,-0.011783566325902939,0.08026330173015594,11.65,2.77
222,8.88,1,car,1126,394,1280,531,-0.2457212656736374,0.5725404024124146,0.01071269903331995,0.35826563835144043,8.93,2.12
223,8.92,0,car,798,405,914,484,0.27685707807540894,0.2821575701236725,-0.19022223353385925,0.18431398272514343,11.85,3.38
223,8.92,1,car,1128,394,1280,532,0.26722320914268494,0.3081088960170746,0.0009266479755751789,0.302287220954895,9.05,2.59
224,8.96,0,car,800,406,913,484,0.35256484150886536,0.20893794298171997,-0.1489691287279129,0.12689262628555298,12.17,3.98
224,8.96,1,car,1130,396,1280,533,0.38442954421043396,0.35727834701538086,-0.0020884822588413954,0.25705114006996155,9.17,3.07
224,8.96,30,car,318,419,384,439,0.0,0.0,0.0,0.0,20.83,11.22
225,9.0,0,car,799,403,913,484,0.010594286024570465,-0.3834528625011444,-0.04950638860464096,0.0366397351026535,12.06,4.49
225,9.0,1,car,1132,395,1279,533,0.4739285409450531,0.007951419800519943,-0.0014043217524886131,0.09716463834047318,9.35,3.43
225,9.0,30,car,311,418,379,439,-1.7419354915618896,-0.14516128599643707,-1.1612902879714966,0.0,20.22,10.29
226,9.04,0,car,800,405,912,484,0.23714137077331543,0.17755410075187683,-0.14970886707305908,-0.0013896762393414974,12.28,4.27
226,9.04,1,car,1131,395,1279,534,0.13070940971374512,0.08838830143213272,-0.0006245255935937166,0.32141950726509094,9.29,3.25
227,9.08,0,car,801,407,911,484,0.17333410680294037,0.3506869673728943,-0.2500668168067932,-0.007795792073011398,12.5,4.29
227,9.08,1,car,1130,397,1279,535,-0.16736063361167908,0.22016294300556183,-0.0001435287413187325,0.23218533396720886,9.23,3.15
228,9.12,0,car,803,407,908,483,0.3814392387866974,0.23517371714115143,-0.7680449485778809,-0.15743206441402435,13.1,4.67
228,9.12,1,car,1128,397,1279,537,-0.2619876265525818,0.09336769580841064,6.706544081680477e-05,0.3315155804157257,9.11,3.43
228,9.12,31,car,220,422,327,447,0.0,0.0,0.0,0.0,12.85,6.45
228,9.12,32,car,211,427,262,447,0.0,0.0,0.0,0.0,26.96,13.54
229,9.16,0,car,803,407,908,483,0.1569107621908188,0.03855335712432861,-0.19583429396152496,0.06378393620252609,13.1,3.74
229,9.16,1,car,1129,397,1280,537,0.024822399020195007,0.020999083295464516,3.1301362469093874e-05,0.15108580887317657,9.11,2.75
229,9.16,32,car,204,425,273,447,-1.8145160675048828,-0.3629032075405121,3.1209676265716553,0.07258064299821854,19.93,8.33
230,9.2,0,car,802,404,906,482,-0.11281297355890274,-0.45089593529701233,-0.29431068897247314,-0.2357446849346161,13.22,3.53
230,9.2,1,car,1130,396,1280,533,0.058461565524339676,-0.15006114542484283,3.1301362469093874e-05,-0.5616156458854675,9.17,2.53
230,9.2,32,car,218,421,285,442,2.057494878768921,-0.7775686979293823,2.9913814067840576,-0.8085927367210388,20.52,8.03
230,9.2,33,car,144,428,204,448,0.0,0.0,0.0,0.0,22.92,4.04
231,9.24,0,car,799,402,906,480,-0.3665825128555298,-0.3590519428253174,-0.10139203816652298,-0.26380789279937744,12.85,2.98
231,9.24,1,car,1130,395,1280,530,0.021429268643260002,-0.06644780933856964,3.1301362469093874e-05,-0.5427263975143433,9.17,2.16
231,9.24,32,car,205,422,265,442,-1.2948192358016968,-0.1858406811952591,-1.8460687398910522,-0.30749377608299255,22.92,7.33
231,9.24,34,car,93,429,168,452,0.0,0.0,0.0,0.0,18.33,2.55
232,9.28,0,car,795,402,908,479,-0.7088448405265808,-0.09147456288337708,0.2809741497039795,-0.22224201261997223,12.17,2.8
232,9.28,1,car,1130,392,1280,529,-0.0007882493664510548,-0.40740665793418884,3.1301362469093874e-05,-0.23518048226833344,9.17,1.95
232,9.28,32,car,169,422,236,442,-4.872863292694092,0.043550312519073486,-4.234266757965088,0.00809047743678093,20.52,9.63
232,9.28,34,car,67,429,147,453,-5.560975551605225,0.1463414579629898,-4.536585330963135,0.2926829159259796,17.19,9.91
232,9.28,35,car,371,417,419,434,0.0,0.0,0.0,0.0,28.65,7.21
233,9.32,0,car,797,402,909,479,0.09250421077013016,0.01728973723948002,0.1024252325296402,-0.03657474368810654,12.28,2.14
233,9.32,1,car,1134,390,1278,529,0.5669082999229431,-0.43880629539489746,-0.14235778152942657,-0.03467641398310661,9.55,1.41
233,9.32,32,car,132,422,212,444,-6.78193473815918,-0.10458528250455856,-4.615540504455566,0.17953401803970337,17.19,10.68
233,9.32,34,car,2,429,95,454,-11.080167770385742,-0.03560458868741989,-8.842763900756836,0.22132225334644318,14.78,15.39
234,9.36,0,car,791,403,909,479,-0.7125786542892456,0.01435786858201027,0.001023871824145317,0.012086017057299614,11.65,2.61
234,9.36,1,car,1131,389,1279,529,-0.1886083334684372,-0.2726583182811737,0.08257592469453812,0.017319144681096077,9.29,1.75
234,9.36,32,car,98,425,186,448,-5.85186767578125,0.3673568069934845,-4.435561180114746,0.597351610660553,15.62,13.52
234,9.36,34,car,-13,430,40,454,-8.250256538391113,0.24183285236358643,-13.447962760925293,0.1148597002029419,25.94,24.81
235,9.4,0,car,796,403,908,479,0.3547168970108032,0.0055738575756549835,-0.15826672315597534,-0.13699929416179657,12.28,2.92
235,9.4,1,car,1132,389,1280,529,0.12904265522956848,-0.056138165295124054,0.05404158681631088,-0.13048212230205536,9.29,2.04
235,9.4,32,car,66,423,151,447,-6.285104751586914,-0.12850989401340485,-6.241913318634033,0.07435918599367142,16.18,16.1
235,9.4,36,car,319,417,376,435,0.0,0.0,0.0,0.0,24.12,7.09
236,9.44,0,car,799,403,906,478,0.5760298371315002,1.213071845995728e-05,-0.2163977175951004,-0.06508222222328186,12.85,3.35
236,9.44,1,car,1134,389,1280,528,0.2448572963476181,0.007291642017662525,0.0181431882083416,-0.07418608665466309,9.42,2.35
236,9.44,32,car,33,424,119,449,-7.360593795776367,0.1734718382358551,-7.24052619934082,0.25249993801116943,15.99,19.69
237,9.48,0,car,797,403,908,479,-0.02656436897814274,-0.0007508854032494128,0.19704030454158783,0.1301780790090561,12.39,3.11
237,9.48,1,car,1138,390,1279,529,0.7152220606803894,0.16327670216560364,-0.14795652031898499,0.12893256545066833,9.75,2.24
237,9.48,32,car,-6,427,75,453,-9.126777648925781,0.42275938391685486,-9.659037590026855,0.7296519875526428,16.98,21.22
238,9.52,0,car,797,402,907,478,0.02690245769917965,-0.0004379221354611218,-0.14122310280799866,-0.20852075517177582,12.5,3.21
238,9.52,1,car,1135,390,1278,531,-0.14148233830928802,-0.0687975138425827,-0.07134492695331573,0.2151554524898529,9.62,2.41
238,9.52,32,car,-8,430,36,457,-2.91998553276062,0.5927360653877258,-8.325418472290039,0.8630585074424744,31.25,24.95
238,9.52,37,car,264,423,322,438,0.0,0.0,0.0,0.0,23.71,6.44
239,9.56,0,car,793,400,908,480,-0.5540513396263123,-0.28562527894973755,0.18596263229846954,0.3093984127044678,11.96,5.19
239,9.56,1,car,1140,391,1278,533,0.6828901767730713,0.22298431396484375,-0.029235877096652985,0.5731003284454346,9.96,4.36
240,9.6,0,car,794,401,909,481,-0.2439531832933426,-0.05260331183671951,0.1496281921863556,0.2452751100063324,11.96,4.54
240,9.6,1,car,1141,392,1278,533,0.4802485704421997,0.16253216564655304,-0.000904683955013752,0.16765151917934418,10.04,3.96
240,9.6,38,car,210,426,275,445,0.0,0.0,0.0,0.0,21.15,0.57
241,9.64,0,car,791,400,907,482,-0.4703901410102844,-0.11251707375049591,-0.25121036171913147,0.2318684458732605,11.85,4.11
241,9.64,1,car,1140,393,1278,533,0.012029536068439484,0.20334099233150482,0.004706078674644232,-0.004559199791401625,9.96,3.77
241,9.64,38,car,199,426,267,445,-2.7580645084381104,0.0,-2.1774191856384277,0.07258064299821854,20.22,2.93
242,9.68,0,car,794,403,903,483,0.21025267243385315,0.386574387550354,-0.6183362007141113,0.24016731977462769,12.61,4.38
242,9.68,1,car,1137,394,1279,532,-0.5246294140815735,0.23841862380504608,0.0029178776312619448,-0.18130208551883698,9.68,4.04
242,9.68,39,car,134,426,216,450,0.0,0.0,0.0,0.0,16.77,5.29
243,9.72,0,car,795,402,903,482,0.2102346122264862,-0.04691975191235542,-0.3194628655910492,-0.048437416553497314,12.73,4.29
243,9.72,1,car,1139,394,1279,533,0.13215534389019012,0.10359306633472443,0.0008567808545194566,0.18991228938102722,9.82,4.01
243,9.72,39,car,124,426,207,449,-2.4677419662475586,0.14516128599643707,-2.3951611518859863,-0.07258064299821854,16.57,5.81
244,9.76,0,car,793,402,903,481,-0.21051836013793945,0.04951786994934082,-0.07542180269956589,-0.07264626026153564,12.5,2.03
244,9.76,1,car,1138,396,1279,534,-0.12228178232908249,0.31377533078193665,-2.9129687391105108e-05,0.14526420831680298,9.75,1.86
244,9.76,39,car,71,430,147,451,-10.429468154907227,0.7930831909179688,-11.39875602722168,0.32653507590293884,18.09,15.72
245,9.8,0,car,790,402,903,482,-0.45896196365356445,-0.11029855161905289,0.013901465572416782,0.11406838893890381,12.17,2.15
245,9.8,1,car,1139,397,1279,535,0.18315187096595764,0.36109691858291626,-0.00019258944666944444,0.3697943687438965,9.82,1.88
246,9.84,0,car,789,402,904,483,-0.44850054383277893,0.05836917459964752,0.02409045398235321,0.09743636101484299,11.96,2.33
246,9.84,1,car,1139,397,1279,536,-0.00044211430940777063,0.156147763133049,0.15001733601093292,0.20395512878894806,9.82,1.81
246,9.84,40,car,0,430,46,460,0.0,0.0,0.0,0.0,29.89,4.17
247,9.88,0,car,788,404,904,483,-0.32670924067497253,0.2156333327293396,0.0121623445302248,0.03476797789335251,11.85,1.88
247,9.88,1,car,1140,398,1279,536,0.2629511058330536,0.19764016568660736,-0.03767840564250946,0.08297674357891083,9.89,1.45
248,9.92,0,car,789,404,904,483,-0.010829338803887367,0.14834114909172058,0.004585355054587126,0.15619896352291107,11.96,1.57
248,9.92,1,car,1140,396,1278,534,0.05908050015568733,-0.18399645388126373,-0.06808453798294067,-0.28775835037231445,9.96,1.08
249,9.96,0,car,789,404,904,483,-0.07720772922039032,0.063999705016613,0.0005884363781660795,-0.03516390547156334,11.96,1.11
249,9.96,1,car,1140,396,1279,534,-0.019081037491559982,-0.045576173812150955,0.10630278289318085,-0.09952300786972046,9.89,0.81
250,10.0,0,car,789,404,902,483,0.09223449230194092,0.1648845374584198,-0.3030070662498474,0.08371135592460632,12.17,1.46
250,10.0,1,car,1141,397,1280,536,0.2715352475643158,0.16060839593410492,0.10199490189552307,0.29440876841545105,9.89,0.99
251,10.04,0,car,786,404,898,481,-0.5101968050003052,-0.035197168588638306,-0.6946007609367371,-0.37674856185913086,12.28,2.0
251,10.04,1,car,1144,396,1279,535,0.5234698057174683,-0.16153183579444885,-0.09597206860780716,-0.040933553129434586,10.19,1.64
