frame,second,id,label,x1,y1,x2,y2,vx1,vy1,vx2,vy2,distance_m,speed_kmh
1,0.04,0,car,532,298,565,324,0.0,0.0,0.0,0.0,41.67,-0.0
2,0.08,0,car,531,298,565,324,-0.02752293460071087,0.0,0.0,0.02752293460071087,40.44,6.84
3,0.12,0,car,531,298,565,324,-0.12734511494636536,0.0,0.0,0.011591233313083649,40.44,6.67
4,0.16,0,car,530,297,565,324,-0.174266517162323,-0.1499434858560562,0.0,0.14447571337223053,39.29,7.44
4,0.16,0,car,530,297,564,324,-0.2902072072029114,-0.022959109395742416,-0.14710542559623718,0.01179441250860691,40.44,7.91
5,0.2,0,car,530,298,564,324,-0.05159325152635574,0.18748019635677338,0.01458127424120903,0.1068890243768692,40.44,9.24
6,0.24,0,car,530,298,564,325,0.022952115163207054,0.04528122767806053,-0.09081254154443741,0.10043881833553314,40.44,8.01
7,0.28,0,car,530,298,563,325,0.04279337450861931,-0.018472691997885704,-0.10188280791044235,0.0689280554652214,41.67,8.12
8,0.32,0,car,532,298,563,324,0.33218830823898315,-0.03631925210356712,-0.07590454816818237,-0.11027964949607849,44.35,7.92
11,0.44,1,car,83,310,143,333,0.0,0.0,0.0,0.0,22.92,3.32
12,0.48,1,car,80,310,140,333,-0.6880733370780945,0.05504586920142174,-0.5779816508293152,0.22018347680568695,22.92,3.86
13,0.52,1,car,47,310,115,336,-7.5333099365234375,0.1528516709804535,-5.9132161140441895,0.7574580311775208,20.22,10.73
13,0.52,2,car,534,294,565,320,0.0,0.0,0.0,0.0,44.35,8.03
13,0.52,3,car,785,304,825,326,0.0,0.0,0.0,0.0,34.38,6.22
14,0.56,1,car,1,311,64,337,-11.656498908996582,0.1331498622894287,-11.701516151428223,0.37748998403549194,21.83,18.49
15,0.6,1,car,-13,311,36,339,-10.262415885925293,0.23171567916870117,-12.55418872833252,0.5976635217666626,28.06,25.85
17,0.68,4,car,793,301,834,326,0.0,0.0,0.0,0.0,33.54,7.86
19,0.76,5,car,211,294,254,318,0.0,0.0,0.0,0.0,31.98,10.78
19,0.76,6,car,531,293,563,319,0.0,0.0,0.0,0.0,42.97,14.48
20,0.8,6,car,531,292,563,319,0.02752293460071087,-0.02752293460071087,0.0,0.0,42.97,12.0
21,0.84,7,car,190,294,234,319,0.0,0.0,0.0,0.0,31.25,3.52
21,0.84,8,car,793,300,834,325,0.0,0.0,0.0,0.0,33.54,3.78
22,0.88,7,car,189,293,233,318,-0.22018347680568695,-0.02752293460071087,-0.19266054034233093,-0.05504586920142174,31.25,7.28
22,0.88,8,car,793,299,834,325,0.07258064299821854,-0.07258064299821854,0.2177419364452362,0.07258064299821854,33.54,8.74
23,0.92,9,car,531,290,561,317,0.0,0.0,0.0,0.0,45.83,19.49
24,0.96,9,car,530,290,561,317,-0.02752293460071087,0.0,0.0,0.0,44.35,16.77
24,0.96,10,car,799,300,833,326,0.0,0.0,0.0,0.0,40.44,12.85
25,1.0,10,car,799,300,833,326,0.14516128599643707,0.0,0.14516128599643707,0.07258064299821854,40.44,16.93
25,1.0,11,car,158,295,200,320,0.0,0.0,0.0,0.0,32.74,16.64
27,1.08,12,car,531,290,561,317,0.0,0.0,0.0,0.0,45.83,11.85
28,1.12,12,car,530,290,561,316,-0.02752293460071087,0.0,0.0,-0.02752293460071087,44.35,9.81
29,1.16,12,car,530,289,561,315,-0.12734511494636536,-0.11575387418270111,0.11575387418270111,-0.3588528633117676,44.35,9.22
30,1.2,12,car,530,288,562,313,0.001849242951720953,-0.1650768220424652,0.32370615005493164,-0.48693373799324036,42.97,9.59
30,1.2,13,car,86,296,147,326,0.0,0.0,0.0,0.0,22.54,4.36
31,1.24,12,car,530,287,563,313,0.039441172033548355,-0.25511062145233154,0.2405209094285965,-0.30689799785614014,41.67,10.43
31,1.24,13,car,84,296,145,326,-0.38532108068466187,0.0,-0.38532108068466187,0.0,22.54,4.82
31,1.24,14,car,802,295,840,322,0.0,0.0,0.0,0.0,36.18,10.47
32,1.28,12,car,531,287,563,313,0.03156045079231262,-0.16462288796901703,0.11184477806091309,-0.12366895377635956,42.97,10.03
32,1.28,13,car,57,297,120,327,-4.86251974105835,0.3207457959651947,-4.5417799949646,0.3207457959651947,21.83,9.03
33,1.32,12,car,529,286,564,312,-0.2850365936756134,-0.2171507477760315,0.1782493144273758,-0.17058290541172028,39.29,10.06
33,1.32,13,car,34,298,97,329,-6.274332523345947,0.2548680305480957,-6.019474029541016,0.4020175039768219,21.83,12.0
33,1.32,15,car,802,295,844,321,0.0,0.0,0.0,0.0,32.74,5.7
34,1.36,12,car,528,286,564,312,-0.19485734403133392,-0.1006673127412796,0.08855337649583817,-0.0805085226893425,38.19,10.57
34,1.36,13,car,3,296,73,331,-7.066439151763916,-0.20947222411632538,-5.9422430992126465,0.4809398353099823,19.64,13.16
34,1.36,15,car,802,294,844,320,0.0,-0.11688310652971268,0.0,-0.11688310652971268,32.74,7.53
35,1.4,12,car,529,286,563,311,0.08415557444095612,-0.019910838454961777,-0.12764045596122742,-0.16398823261260986,40.44,10.34
35,1.4,15,car,802,293,843,319,0.15828776359558105,-0.16416461765766144,-0.15828776359558105,-0.16416461765766144,33.54,7.77
36,1.44,12,car,530,286,561,311,0.09827366471290588,0.003900405252352357,-0.2593277096748352,-0.10634163022041321,44.35,9.57
36,1.44,15,car,809,293,845,318,1.1467242240905762,-0.080905482172966,0.33271583914756775,-0.22884948551654816,38.19,8.85
36,1.44,16,car,0,300,34,337,0.0,0.0,0.0,0.0,40.44,9.03
37,1.48,15,car,811,293,846,319,1.0061804056167603,-0.18176443874835968,0.32830172777175903,-0.03917768970131874,39.29,9.4
38,1.52,15,car,811,292,848,319,0.6624930500984192,-0.310672789812088,0.5225539803504944,-0.10559822618961334,37.16,10.31
40,1.6,17,car,528,286,561,311,0.0,0.0,0.0,0.0,41.67,8.39
41,1.64,18,car,807,292,847,320,0.0,0.0,0.0,0.0,34.38,11.64
42,1.68,19,car,130,289,194,320,0.0,0.0,0.0,0.0,21.48,6.19
43,1.72,19,car,128,289,192,320,-0.4128440320491791,0.02752293460071087,-0.38532108068466187,0.0,21.48,5.9
44,1.76,19,car,110,290,178,321,-4.688304901123047,0.24309898912906647,-3.6349270343780518,0.34726160764694214,20.22,6.46
44,1.76,20,car,814,293,852,321,0.0,0.0,0.0,0.0,36.18,16.44
45,1.8,19,car,69,292,144,325,-9.8036527633667,0.4804959297180176,-8.008978843688965,0.9711474776268005,18.33,10.43
46,1.84,19,car,35,292,119,328,-12.460783004760742,0.41066110134124756,-9.681156158447266,1.157073974609375,16.37,13.48
47,1.88,19,car,0,292,92,331,-12.180855751037598,0.19858665764331818,-9.237818717956543,1.0038210153579712,14.95,16.35
47,1.88,21,car,530,288,560,316,0.0,0.0,0.0,0.0,45.83,21.77
47,1.88,22,car,810,294,854,322,0.0,0.0,0.0,0.0,31.25,14.84
48,1.92,19,car,-14,291,70,332,-8.427478790283203,-0.0968172624707222,-8.413766860961914,0.6616795063018799,16.37,18.88
48,1.92,22,car,809,294,854,322,-0.07258064299821854,0.07258064299821854,0.14516128599643707,0.14516128599643707,30.56,14.6
49,1.96,19,car,-9,291,41,332,-2.4491219520568848,0.035045988857746124,-7.659698963165283,0.3293369710445404,27.5,20.83
49,1.96,23,car,531,288,561,316,0.0,0.0,0.0,0.0,45.83,10.76
50,2.0,23,car,530,288,560,315,-0.02752293460071087,0.0,-0.02752293460071087,-0.02752293460071087,45.83,11.35
50,2.0,24,car,812,295,858,322,0.0,0.0,0.0,0.0,29.89,7.78
51,2.04,23,car,529,288,560,315,-0.2954872250556946,0.0,-0.003402405185624957,-0.1494448184967041,44.35,13.1
53,2.12,25,car,818,294,869,324,0.0,0.0,0.0,0.0,26.96,10.98
56,2.24,26,car,87,296,157,325,0.0,0.0,0.0,0.0,19.64,6.71
56,2.24,27,car,824,297,868,325,0.0,0.0,0.0,0.0,31.25,10.68
58,2.32,28,car,38,297,120,329,0.0,0.0,0.0,0.0,16.77,5.5
58,2.32,29,car,825,297,873,325,0.0,0.0,0.0,0.0,28.65,9.39
59,2.36,28,car,35,297,117,329,-0.7155963182449341,0.0,-0.6880733370780945,0.08256880193948746,16.77,5.02
59,2.36,29,car,825,296,872,324,0.0,-0.14516128599643707,-0.14516128599643707,-0.07258064299821854,29.26,10.21
60,2.4,28,car,11,298,83,332,-5.6381635665893555,0.29208481311798096,-7.825394630432129,0.7404236793518066,19.1,8.49
60,2.4,29,car,823,295,874,324,-0.3152257204055786,-0.1731216013431549,0.4573154151439667,-0.007761584594845772,26.96,10.62
61,2.44,28,car,-5,299,40,331,-5.602448463439941,0.30970999598503113,-11.191193580627441,0.12171613425016403,30.56,15.45
61,2.44,29,car,823,295,875,324,-0.13603706657886505,-0.104671411216259,0.3189351260662079,0.019547272473573685,26.44,11.2
62,2.48,29,car,821,295,873,325,-0.47565215826034546,-0.05842580646276474,-0.08598857372999191,0.02074890211224556,26.44,10.06
63,2.52,29,car,820,295,879,325,-0.4594258666038513,-0.024983907118439674,0.951867401599884,0.15989141166210175,23.31,10.28
64,2.56,30,car,96,301,141,324,0.0,0.0,0.0,0.0,30.56,16.32
66,2.64,31,car,821,295,878,326,0.0,0.0,0.0,0.0,24.12,14.77
67,2.68,32,car,31,304,83,330,0.0,0.0,0.0,0.0,26.44,13.95
68,2.72,32,car,27,304,81,330,-0.8256880640983582,0.0,-0.4678898751735687,0.02752293460071087,25.46,11.26
69,2.76,32,car,13,303,62,330,-3.9361753463745117,-0.23150774836540222,-5.058752536773682,0.12734511494636536,28.06,11.93
69,2.76,33,car,826,294,880,327,0.0,0.0,0.0,0.0,25.46,11.58
70,2.8,33,car,826,294,880,327,0.0,0.07258064299821854,0.14516128599643707,0.0,25.46,9.72
70,2.8,34,car,186,297,226,320,0.0,0.0,0.0,0.0,34.38,10.45
71,2.84,33,car,830,294,879,326,0.988924503326416,0.024733074009418488,-0.09180878102779388,-0.14127492904663086,28.06,11.25
72,2.88,33,car,832,293,883,325,1.0924056768417358,-0.1589193195104599,0.7021469473838806,-0.17744354903697968,26.96,11.14
73,2.92,33,car,838,293,887,325,1.6852949857711792,-0.03745165839791298,1.235221266746521,-0.13968943059444427,28.06,11.64
74,2.96,33,car,835,294,887,326,0.548613965511322,0.16199442744255066,0.6397774815559387,0.05876098945736885,26.44,11.47
76,3.04,35,car,836,294,897,327,0.0,0.0,0.0,0.0,22.54,9.51
77,3.08,35,car,836,294,896,327,0.0,0.02752293460071087,-0.08256880193948746,0.0,22.92,8.3
78,3.12,35,truck,838,294,899,327,0.5841696262359619,0.003402405185624957,0.5739535093307495,0.0,22.54,8.56
78,3.12,36,car,675,291,709,315,0.0,0.0,0.0,0.0,40.44,13.09
79,3.16,35,car,837,294,900,327,0.15441016852855682,0.14415794610977173,0.4969532787799835,0.15500327944755554,21.83,8.01
79,3.16,36,car,674,291,708,315,-0.02752293460071087,0.0,-0.02752293460071087,0.0,40.44,11.85
80,3.2,35,truck,838,295,900,328,0.11903879791498184,0.11768597364425659,0.25533488392829895,0.12752237915992737,22.18,8.61
80,3.2,36,car,674,291,708,315,-0.003402405185624957,0.0,-0.003402405185624957,0.0,40.44,14.36
82,3.28,37,car,0,295,60,330,0.0,0.0,0.0,0.0,22.92,8.79
82,3.28,38,car,840,294,897,328,0.0,0.0,0.0,0.0,24.12,9.25
83,3.32,37,car,0,295,57,330,0.0,0.08256880193948746,-0.6605504155158997,0.0,24.12,6.92
83,3.32,39,car,161,300,199,323,0.0,0.0,0.0,0.0,36.18,8.91
84,3.36,39,car,159,300,197,323,-0.2752293348312378,0.0,-0.2752293348312378,0.0,36.18,7.2
87,3.48,40,car,95,300,145,324,0.0,0.0,0.0,0.0,27.5,5.94
87,3.48,41,car,846,294,909,328,0.0,0.0,0.0,0.0,21.83,4.71
88,3.52,40,car,92,299,142,323,-0.6330274939537048,-0.05504586920142174,-0.5504586696624756,-0.02752293460071087,27.5,5.63
88,3.52,41,car,845,294,909,328,-0.07258064299821854,0.0,0.2177419364452362,0.0,21.48,4.43
89,3.56,40,car,65,299,119,323,-6.212115287780762,-0.1528516709804535,-5.325641632080078,-0.1494448184967041,25.46,11.55
89,3.56,41,car,847,294,914,328,0.3074641227722168,0.0,1.1265747547149658,0.1576128602027893,20.52,5.06
90,3.6,40,car,16,297,80,322,-11.679527282714844,-0.28815314173698425,-9.542912483215332,-0.1440049409866333,21.48,18.05
90,3.6,41,car,850,294,914,329,0.6102340221405029,0.0,0.4932590126991272,0.1437896341085434,21.48,6.03
91,3.64,40,car,-12,297,46,324,-10.615819931030273,-0.19618667662143707,-10.429407119750977,0.21801093220710754,23.71,21.69
91,3.64,41,car,848,294,917,330,0.1209084689617157,0.14818783104419708,0.7028511166572571,0.37266042828559875,19.93,6.54
92,3.68,41,car,852,295,919,332,0.6882525086402893,0.12011542916297913,0.7410519123077393,0.41447651386260986,20.52,7.31
92,3.68,42,car,676,295,710,319,0.0,0.0,0.0,0.0,40.44,16.1
93,3.72,41,car,855,296,920,333,0.9160577654838562,0.36531776189804077,0.5381008386611938,0.4491788446903229,21.15,8.09
94,3.76,41,car,856,298,920,333,0.8741670846939087,0.49145177006721497,0.45527032017707825,0.32939571142196655,21.48,8.46
95,3.8,41,car,854,298,923,334,0.15592309832572937,0.39139488339424133,0.7348113656044006,0.3367166221141815,19.93,7.41
96,3.84,41,car,854,297,925,332,0.0011709276586771011,-0.055098824203014374,0.9128718376159668,-0.05531740561127663,19.37,6.6
97,3.88,41,car,856,296,926,332,0.3869677782058716,-0.19823713600635529,0.7078241109848022,-0.17894767224788666,19.64,5.82
98,3.92,41,car,856,295,929,331,0.2645670175552368,-0.33818647265434265,1.0140411853790283,-0.3175743818283081,18.84,5.24
99,3.96,41,car,858,293,934,330,0.5835074186325073,-0.43598511815071106,1.5605283975601196,-0.2740829288959503,18.09,5.5
100,4.0,41,car,862,294,937,330,0.8953434824943542,-0.11825207620859146,1.3540782928466797,-0.13143540918827057,18.33,5.98
100,4.0,43,car,180,303,238,323,0.0,0.0,0.0,0.0,23.71,4.3
101,4.04,41,car,864,294,942,332,0.7224156260490417,0.01659391075372696,1.4417924880981445,0.2645289897918701,17.63,6.53
101,4.04,44,car,678,295,715,321,0.0,0.0,0.0,0.0,37.16,10.56
102,4.08,41,car,865,295,945,332,0.5463178157806396,0.040652308613061905,1.0515835285186768,0.05757039412856102,17.19,7.15
102,4.08,44,car,678,294,715,320,0.05504586920142174,-0.02752293460071087,0.05504586920142174,-0.02752293460071087,37.16,12.15
102,4.08,45,car,172,302,227,323,0.0,0.0,0.0,0.0,25.0,9.02
103,4.12,41,car,867,295,948,332,0.41084688901901245,0.01601688750088215,0.6608039736747742,-0.02023550309240818,16.98,7.16
103,4.12,44,car,679,294,716,320,0.30515867471694946,-0.15257933735847473,0.30515867471694946,0.007793558295816183,37.16,11.76
103,4.12,45,car,170,302,225,323,-0.33027520775794983,0.08256880193948746,-0.49541282653808594,0.02752293460071087,25.0,7.52
103,4.12,45,car,142,302,207,325,-6.466734886169434,0.15625408291816711,-4.150495529174805,0.44152963161468506,21.15,10.7
104,4.16,41,car,871,294,946,332,0.7980121970176697,-0.14132137596607208,0.0209853146225214,0.12449562549591064,18.33,6.01
104,4.16,44,car,681,293,716,321,0.33155930042266846,-0.09264001995325089,0.039000801742076874,0.011525535956025124,39.29,10.68
105,4.2,41,car,871,293,947,332,0.38061589002609253,-0.11716664582490921,0.3038902282714844,-0.04746856167912483,18.09,6.25
105,4.2,44,car,681,293,716,321,0.1904992163181305,-0.040500935167074203,-0.02846856229007244,0.007147376425564289,39.29,11.36
106,4.24,41,car,870,293,950,331,0.1031915619969368,-0.05785536393523216,0.5395811200141907,-0.22045747935771942,17.19,5.6
106,4.24,44,car,681,293,715,321,0.06757842749357224,-0.008627116680145264,-0.03307071328163147,0.0027757936622947454,40.44,10.88
107,4.28,41,car,870,293,949,331,-0.027045033872127533,-0.008616463281214237,0.125868558883667,0.01801166497170925,17.41,4.37
107,4.28,44,car,682,293,715,321,0.15697932243347168,0.003369286423549056,-0.019228709861636162,0.0004088110290467739,41.67,8.9
107,4.28,46,car,166,304,215,322,0.0,0.0,0.0,0.0,28.06,2.48
108,4.32,41,car,872,293,949,332,0.40514880418777466,0.0042207990773022175,-0.005774358287453651,0.20169924199581146,17.86,4.02
108,4.32,44,car,683,294,717,321,0.23482312262058258,0.004349744413048029,0.2945725619792938,-0.00041659778798930347,40.44,8.41
109,4.36,41,car,876,294,952,334,0.7208322882652283,0.15480826795101166,0.5640366077423096,0.2769632637500763,18.09,4.05
109,4.36,47,car,150,304,206,323,0.0,0.0,0.0,0.0,24.55,5.89
109,4.36,48,car,13,303,100,332,0.0,0.0,0.0,0.0,15.8,3.79
110,4.4,41,car,878,296,953,336,0.6479804515838623,0.23849816620349884,0.33481884002685547,0.42242804169654846,18.33,3.41
110,4.4,47,car,148,304,204,323,-0.2752293348312378,0.0,-0.33027520775794983,0.02752293460071087,24.55,6.86
110,4.4,48,car,9,301,93,332,-0.9435483813285828,-0.29032257199287415,-1.7419354915618896,0.07258064299821854,16.37,5.57
111,4.44,41,car,880,297,953,336,0.4581664800643921,0.22585000097751617,0.055392272770404816,0.1468372792005539,18.84,3.77
111,4.44,47,car,129,304,187,326,-3.450324535369873,0.16037289798259735,-3.1139938831329346,0.633698046207428,23.71,7.52
111,4.44,48,car,0,300,50,334,-1.8444057703018188,-0.25505009293556213,-7.3108696937561035,0.4543510973453522,27.5,9.09
111,4.44,49,car,683,296,719,324,0.0,0.0,0.0,0.0,38.19,11.57
112,4.48,41,car,880,296,955,336,0.22958730161190033,-0.022408923134207726,0.43256720900535583,0.043461449444293976,18.33,4.19
112,4.48,47,car,109,306,165,327,-4.370704650878906,0.2504492700099945,-4.578165531158447,0.4051501154899597,24.55,9.62
113,4.52,41,car,885,295,959,335,0.7867395281791687,-0.07186457514762878,0.719587504863739,-0.1596594899892807,18.58,4.47
113,4.52,47,car,91,306,146,328,-4.4736762046813965,0.1203976720571518,-4.662031650543213,0.2708784341812134,25.0,11.23
113,4.52,50,car,684,295,719,324,0.0,0.0,0.0,0.0,39.29,7.01
114,4.56,41,car,887,295,959,334,0.8341822028160095,-0.1973387897014618,0.45092400908470154,-0.12531273066997528,19.1,4.86
114,4.56,47,car,74,306,134,329,-5.173379898071289,0.0422268882393837,-4.3827619552612305,0.27341294288635254,22.92,13.6
115,4.6,41,car,887,295,959,334,0.34591710567474365,0.0394933857023716,0.11342352628707886,-0.04160086438059807,19.1,4.93
115,4.6,47,car,48,305,121,331,-5.845911979675293,-0.15293234586715698,-3.6322708129882812,0.4101082384586334,18.84,14.72
115,4.6,51,car,686,296,720,323,0.0,0.0,0.0,0.0,40.44,8.59
116,4.64,41,car,890,295,959,334,0.4956585168838501,-0.08836586028337479,-0.01501251570880413,-0.0017884853295981884,19.93,4.69
116,4.64,47,car,24,304,97,331,-6.05900764465332,-0.09803653508424759,-5.042198181152344,0.1927015483379364,18.84,16.23
116,4.64,51,car,686,296,720,322,0.05504586920142174,0.0,0.05504586920142174,-0.02752293460071087,40.44,8.73
117,4.68,41,car,891,294,958,335,0.3777358829975128,-0.059526477009058,-0.029707685112953186,0.15456558763980865,20.52,5.06
117,4.68,47,car,0,304,72,330,-5.915201663970947,-0.02994658425450325,-5.8677978515625,-0.10921447724103928,19.1,15.98
117,4.68,51,car,689,295,720,322,0.6306562423706055,-0.15924488008022308,0.15292160212993622,0.0031616410706192255,44.35,10.41
118,4.72,41,car,894,295,958,336,0.5766512751579285,0.12914663553237915,-0.014791741967201233,0.0916609913110733,21.48,5.5
118,4.72,47,car,-6,302,46,329,-3.4211814403533936,-0.44405919313430786,-6.245622634887695,-0.09986713528633118,26.44,15.4
118,4.72,51,car,689,295,721,323,0.2990116775035858,0.031151248142123222,0.09465701133012772,0.1604805737733841,42.97,11.2
119,4.76,41,car,896,296,958,336,0.6533699631690979,0.10615736246109009,-0.005456181243062019,0.03918479010462761,22.18,5.27
119,4.76,51,car,688,296,721,324,-0.08465482294559479,0.04893448203802109,0.02829659730195999,0.09639937430620193,41.67,10.62
120,4.8,41,car,898,297,958,336,0.6788011789321899,0.2036406248807907,-0.0006271175225265324,0.008105786517262459,22.92,5.91
120,4.8,51,car,687,296,722,325,-0.11971693485975266,0.1787954866886139,0.29961851239204407,0.1896238625049591,39.29,11.19
121,4.84,41,car,900,297,958,336,0.6796871423721313,0.13572029769420624,0.0008587406482547522,0.14783182740211487,23.71,6.26
121,4.84,51,car,688,296,724,325,0.07726959139108658,-0.020840773358941078,0.38426196575164795,0.1272326111793518,38.19,11.41
122,4.88,41,car,902,298,959,337,0.6740171313285828,0.35890305042266846,0.0008403315441682935,0.11598867923021317,24.12,6.47
122,4.88,51,car,689,296,726,325,0.09174121171236038,0.08963456004858017,0.5336482524871826,0.05383158102631569,37.16,10.86
123,4.92,41,car,902,297,959,337,0.4792643189430237,0.022509826347231865,0.0005863936967216432,0.07506965845823288,24.12,6.42
124,4.96,41,car,905,297,959,337,0.7109344601631165,0.044697120785713196,0.00031723928987048566,0.18561585247516632,25.46,7.29
125,5.0,41,car,906,298,959,337,0.7319300770759583,0.03945047780871391,0.0001274381938856095,0.02239595167338848,25.94,6.43
126,5.04,41,car,907,298,959,339,0.5554763078689575,0.17335687577724457,-4.2437131924089044e-06,0.4135570526123047,26.44,6.0
126,5.04,52,car,692,301,729,325,0.0,0.0,0.0,0.0,37.16,8.07
127,5.08,41,car,909,299,959,341,0.4779186248779297,0.10398537665605545,-4.0566246752860025e-05,0.4149736166000366,27.5,6.25
127,5.08,52,car,691,301,729,325,-0.05504586920142174,0.0,0.08256880193948746,0.02752293460071087,36.18,9.57
127,5.08,53,car,139,303,192,323,0.0,0.0,0.0,0.0,25.94,7.97
128,5.12,41,car,917,299,958,341,1.359998345375061,0.029977014288306236,-1.3608368135464843e-05,0.17085205018520355,33.54,6.55
128,5.12,52,car,691,301,733,325,-0.15292160212993622,0.0,0.7867491841316223,0.15608324110507965,32.74,9.05
128,5.12,53,car,136,303,190,323,-0.5806451439857483,0.07258064299821854,-0.29032257199287415,0.14516128599643707,25.46,7.46
129,5.16,41,car,916,299,959,340,0.42257899045944214,-0.0014807383995503187,-4.576570063363761e-06,-0.12349876761436462,31.98,5.51
129,5.16,52,car,690,300,733,326,-0.09465701133012772,-0.14892464876174927,0.4052388370037079,0.10619475692510605,31.98,7.68
129,5.16,53,car,139,304,184,324,0.36273467540740967,0.15552257001399994,-1.2647994756698608,0.15033963322639465,30.56,5.66
130,5.2,41,car,918,298,959,338,0.44441133737564087,-0.15448802709579468,-4.576570063363761e-06,-0.2524949908256531,33.54,6.21
130,5.2,52,car,690,298,733,325,-0.02829659730195999,-0.23617267608642578,0.09621107578277588,-0.11148149520158768,31.98,7.36
130,5.2,53,car,107,301,172,327,-4.750097274780273,-0.3552355468273163,-2.3803985118865967,0.5036213994026184,21.15,7.26
131,5.24,41,car,918,298,959,338,0.2500650882720947,0.03514507785439491,-4.576570063363761e-06,-0.16348585486412048,33.54,7.0
131,5.24,52,car,690,299,733,326,0.0009902350138872862,0.03481172397732735,-0.019068608060479164,0.2089458703994751,31.98,7.17
132,5.28,41,car,921,299,959,338,0.5015796422958374,0.061502162367105484,-4.576570063363761e-06,-0.04305129498243332,36.18,6.48
132,5.28,52,car,690,300,733,326,0.005984948016703129,0.0695340633392334,0.11683299392461777,0.026325540617108345,31.98,5.77
132,5.28,54,car,77,303,146,330,0.0,0.0,0.0,0.0,19.93,2.64
133,5.32,41,car,918,300,959,339,-0.19204120337963104,0.1776253581047058,-4.576570063363761e-06,0.15189184248447418,33.54,5.58
133,5.32,52,car,689,300,734,325,-0.2965542674064636,0.036493219435214996,0.08074596524238586,-0.18534564971923828,30.56,4.96
133,5.32,54,car,73,303,143,329,-0.8709677457809448,0.0,-0.7983870506286621,-0.07258064299821854,19.64,2.05
134,5.36,41,car,920,303,959,341,0.2382972687482834,0.5377324819564819,-4.576570063363761e-06,0.24573230743408203,35.26,5.9
134,5.36,52,car,687,300,732,326,-0.3239342272281647,0.0089420136064291,-0.26881277561187744,0.18103942275047302,30.56,5.32
134,5.36,54,car,55,303,124,328,-3.4730451107025146,0.16068588197231293,-3.6389002799987793,-0.15552257001399994,19.93,4.96
135,5.4,41,car,925,303,959,341,0.7684839963912964,0.2851956784725189,-4.576570063363761e-06,0.11735983937978745,40.44,5.64
135,5.4,52,car,689,300,731,327,0.15872418880462646,-0.0014038922963663936,-0.1738435924053192,0.14110539853572845,32.74,5.16
135,5.4,54,car,40,304,105,329,-3.699732780456543,0.10658010840415955,-4.268124103546143,0.06175137683749199,21.15,7.47
136,5.44,41,car,926,305,959,343,0.558262050151825,0.3662787079811096,-4.576570063363761e-06,0.3205668330192566,41.67,6.04
136,5.44,52,car,692,301,732,328,0.4493962526321411,0.2937520146369934,0.09466240555047989,0.19829241931438446,34.38,5.51
136,5.44,54,car,26,304,87,330,-3.6253068447113037,0.033851202577352524,-4.376173496246338,0.0665140300989151,22.54,9.0
137,5.48,41,car,934,303,959,344,1.3739417791366577,-0.1321028470993042,-4.576570063363761e-06,0.3159113824367523,55.0,8.02
137,5.48,52,car,692,302,732,328,0.23630867898464203,0.1736891120672226,-0.06043446809053421,0.09126951545476913,34.38,6.21
137,5.48,54,car,10,305,65,332,-3.833118438720703,0.14813591539859772,-5.061744213104248,0.4719955623149872,25.0,11.91
138,5.52,41,car,937,306,959,344,1.0052833557128906,0.4474886357784271,-4.576570063363761e-06,0.1279030293226242,62.5,8.65
138,5.52,52,car,692,301,732,328,0.05734963342547417,-0.0992557480931282,0.09512078016996384,0.017632076516747475,34.38,5.99
138,5.52,54,car,-3,303,49,332,-3.6739728450775146,-0.2148568332195282,-4.410648345947266,0.11880743503570557,26.44,15.01
139,5.56,41,car,937,308,959,345,0.342317670583725,0.43644657731056213,-4.576570063363761e-06,0.16586995124816895,62.5,10.57
139,5.56,52,car,694,300,734,328,0.2868594825267792,-0.09035612642765045,0.21533118188381195,-0.00627802312374115,34.38,6.88
139,5.56,54,car,-4,301,38,332,-1.4683434963226318,-0.30206164717674255,-3.4558920860290527,-0.016162516549229622,32.74,14.79
140,5.6,41,car,936,310,959,345,0.0677679255604744,0.5371835231781006,-4.576570063363761e-06,0.0988103598356247,59.78,10.38
140,5.6,52,car,696,300,735,327,0.4550800919532776,-0.03519560769200325,0.25784510374069214,-0.15503153204917908,35.26,6.82
141,5.64,52,car,697,300,733,327,0.4316326081752777,-0.009359792806208134,-0.1470189094543457,0.035635873675346375,38.19,7.35
142,5.68,52,car,696,300,732,327,0.15730366110801697,-0.0004440360062289983,-0.20196567475795746,0.07120208442211151,38.19,7.21
143,5.72,52,car,696,300,732,328,0.014440413564443588,0.0028205066919326782,-0.1614907681941986,0.2105795443058014,38.19,7.15
146,5.84,55,car,698,298,737,328,0.0,0.0,0.0,0.0,35.26,9.73
150,6.0,56,truck,89,297,142,328,0.0,0.0,0.0,0.0,25.94,6.73
156,6.24,57,car,0,302,39,333,0.0,0.0,0.0,0.0,35.26,9.57
163,6.52,58,car,704,302,750,332,0.0,0.0,0.0,0.0,29.89,3.39
166,6.64,59,car,707,301,751,331,0.0,0.0,0.0,0.0,31.25,7.13
168,6.72,60,car,707,300,753,331,0.0,0.0,0.0,0.0,29.89,9.23
170,6.8,61,car,708,300,757,332,0.0,0.0,0.0,0.0,28.06,8.32
171,6.84,61,car,708,300,756,332,0.0,0.0,-0.02752293460071087,0.0,28.65,7.16
172,6.88,61,car,708,300,756,331,0.23150774836540222,0.11575387418270111,-0.011591233313083649,-0.11575387418270111,28.65,9.11
174,6.96,62,truck,708,300,754,331,0.0,0.0,0.0,0.0,29.89,11.33
175,7.0,62,truck,708,300,754,331,0.05504586920142174,0.0,0.0,0.0,29.89,10.56
176,7.04,62,truck,710,300,755,331,0.6019518375396729,0.11575387418270111,0.46301549673080444,0.0,30.56,11.74
177,7.08,62,truck,715,300,758,331,1.1260783672332764,0.006437805946916342,0.6603072881698608,0.0,31.98,12.91
177,7.08,63,car,23,313,85,335,0.0,0.0,0.0,0.0,22.18,9.01
178,7.12,62,car,717,300,760,331,0.9268001317977905,0.12036185711622238,0.7218213677406311,0.0,31.98,13.26
178,7.12,62,truck,715,300,760,331,0.33551540970802307,-0.026483962312340736,0.39280182123184204,0.1407959908246994,30.56,13.52
178,7.12,63,car,21,313,82,334,-0.49541282653808594,0.0,-0.5779816508293152,-0.02752293460071087,22.54,8.62
179,7.16,62,truck,716,301,761,333,0.26442843675613403,0.23639491200447083,0.39438068866729736,0.28233933448791504,30.56,13.33
181,7.24,64,truck,719,302,762,333,0.0,0.0,0.0,0.0,31.98,7.98
184,7.36,65,car,719,302,764,334,0.0,0.0,0.0,0.0,30.56,11.34
185,7.4,65,car,719,302,764,334,0.02752293460071087,0.02752293460071087,0.11009173840284348,0.02752293460071087,30.56,9.98
186,7.44,65,car,719,302,766,334,0.011591233313083649,0.011591233313083649,0.6251413822174072,0.12734511494636536,29.26,10.22
187,7.48,65,car,718,302,767,335,-0.1554112583398819,-0.005467766895890236,0.5769020915031433,0.1742619425058365,28.06,9.71
188,7.52,65,car,717,302,769,335,-0.1812337189912796,-0.01116917934268713,0.6807126998901367,0.14309272170066833,26.44,9.94
189,7.56,65,car,717,301,769,335,-0.1383892148733139,-0.01002894900739193,0.5222602486610413,0.0904131755232811,26.44,9.62
190,7.6,65,car,717,301,769,334,-0.08260028064250946,-0.006703546270728111,0.16797222197055817,-0.09998822957277298,26.44,9.27
191,7.64,65,car,717,301,768,333,-0.18411529064178467,-0.0035247933119535446,-0.010929593816399574,-0.1405496448278427,26.96,10.27
192,7.68,65,car,716,301,768,334,-0.31366533041000366,-0.001331154489889741,0.07397765666246414,0.03264933452010155,26.44,11.1
193,7.72,65,car,716,301,770,334,-0.12141532450914383,-0.14700891077518463,0.37661880254745483,-0.061306390911340714,25.46,11.16
194,7.76,65,car,716,300,770,333,-0.01656957156956196,-0.1562473475933075,0.22799693048000336,-0.07710273563861847,25.46,11.01
195,7.8,65,car,716,299,769,333,0.025994669646024704,-0.2605467736721039,-0.039302557706832886,-0.20700524747371674,25.94,11.98
196,7.84,65,car,717,300,771,332,0.180535227060318,-0.07463464140892029,0.31676197052001953,-0.19290843605995178,25.46,12.07
197,7.88,65,car,718,300,773,332,0.18306326866149902,0.01414252258837223,0.49861037731170654,-0.13117320835590363,25.0,12.35
198,7.92,65,car,719,300,774,334,0.2770765423774719,0.04191082343459129,0.5644115805625916,0.22331076860427856,25.0,12.41
199,7.96,65,car,720,301,773,333,0.5232402682304382,0.03958446532487869,0.2753962576389313,-0.008585493080317974,25.94,13.01
200,8.0,65,car,722,301,774,333,0.604918360710144,0.027118941769003868,0.23745732009410858,0.05743113532662392,26.44,12.23
201,8.04,65,car,722,301,775,334,0.45658716559410095,0.014666865579783916,0.44780686497688293,0.2111770659685135,25.94,10.65
202,8.08,65,car,722,300,775,334,0.26912468671798706,-0.14100202918052673,0.24501460790634155,0.05754317715764046,25.94,8.82
203,8.12,65,car,723,299,776,334,0.2695460319519043,-0.1555563509464264,0.24700479209423065,0.1322735697031021,25.94,7.7
205,8.2,66,car,724,302,779,336,0.0,0.0,0.0,0.0,25.0,4.07
206,8.24,66,car,724,302,779,336,0.05504586920142174,0.02752293460071087,0.02752293460071087,0.0,25.0,7.82
207,8.28,66,car,724,302,780,336,0.1389363408088684,0.011591233313083649,0.3588528633117676,0.0,24.55,6.98
208,8.32,66,car,727,302,782,335,0.6186292171478271,-0.005467766895890236,0.68366938829422,-0.1499434858560562,25.0,7.1
209,8.36,66,car,730,301,783,334,1.0834335088729858,-0.1582746058702469,0.6216810941696167,-0.1700645387172699,25.94,6.96
210,8.4,66,car,732,300,786,334,0.9407681822776794,-0.16847504675388336,0.8524215221405029,-0.12835146486759186,25.46,9.0
211,8.44,66,car,732,299,786,334,0.6158692836761475,-0.26828575134277344,0.544989824295044,-0.07587466388940811,25.46,9.18
212,8.48,66,car,732,300,785,335,0.4629681408405304,-0.08038713037967682,0.2730972170829773,0.11160933971405029,25.94,9.95
213,8.52,66,car,732,300,787,336,0.271593302488327,0.011463661678135395,0.3875872492790222,0.1469806432723999,25.0,9.72
214,8.56,66,car,734,300,788,336,0.4164867103099823,0.041237447410821915,0.46192535758018494,0.11657489836215973,25.46,10.14
215,8.6,66,car,734,300,790,336,0.3462727665901184,-0.10704375803470612,0.6467479467391968,0.07138678431510925,24.55,8.45
216,8.64,66,car,736,299,790,335,0.5130693912506104,-0.12891754508018494,0.5232327580451965,-0.11270714551210403,25.46,7.33
217,8.68,66,car,735,299,792,334,0.27545398473739624,-0.09891754388809204,0.6188669800758362,-0.14579544961452484,24.12,7.64
217,8.68,67,car,72,313,124,333,0.0,0.0,0.0,0.0,26.44,9.8
218,8.72,66,car,733,299,792,333,-0.24803602695465088,-0.04205721616744995,0.3696378171443939,-0.24466116726398468,23.31,7.76
218,8.72,67,car,68,313,121,333,-0.8709677457809448,0.07258064299821854,-0.6532257795333862,0.0,25.94,7.98
219,8.76,66,car,731,300,793,333,-0.42088931798934937,0.14155419170856476,0.2892794907093048,-0.15990158915519714,22.18,7.13
219,8.76,67,car,48,314,103,333,-4.506234169006348,0.32298731803894043,-3.852511167526245,0.1576128602027893,25.0,9.12
220,8.8,66,car,734,301,793,334,0.17520782351493835,0.12438710033893585,0.13859210908412933,0.0837501585483551,23.31,6.9
220,8.8,67,car,21,314,82,335,-6.822365760803223,0.11648519337177277,-5.548151969909668,0.4468739926815033,22.54,11.92
221,8.84,66,car,736,299,794,334,0.548954963684082,-0.2374141365289688,0.1882234364748001,-0.04269067570567131,23.71,6.05
221,8.84,67,car,2,313,61,336,-6.611471176147461,-0.13691926002502441,-6.335937023162842,0.3230524957180023,23.31,14.74
222,8.88,66,car,738,298,795,334,0.546084463596344,-0.22165395319461823,0.26640796661376953,0.09533749520778656,24.12,6.88
222,8.88,67,car,-7,312,39,337,-4.934011936187744,-0.14125216007232666,-6.839035987854004,0.2954874336719513,29.89,15.46
223,8.92,66,car,739,297,796,335,0.44914835691452026,-0.2681806981563568,0.3164125084877014,0.08708467334508896,24.12,6.75
228,9.12,68,car,748,295,804,335,0.0,0.0,0.0,0.0,24.55,5.84
229,9.16,68,car,747,294,804,335,-0.02752293460071087,-0.02752293460071087,0.05504586920142174,0.0,24.12,4.06
230,9.2,69,car,172,307,218,327,0.0,0.0,0.0,0.0,29.89,1.02
231,9.24,69,car,169,306,215,327,-0.7258064150810242,-0.07258064299821854,-0.7258064150810242,0.14516128599643707,29.89,4.44
231,9.24,70,car,748,292,809,334,0.0,0.0,0.0,0.0,22.54,5.15
231,9.24,71,car,60,309,114,334,0.0,0.0,0.0,0.0,25.46,5.82
232,9.28,69,car,149,306,197,329,-3.8047592639923096,0.0051633138209581375,-3.4833877086639404,0.3110255300998688,28.65,7.21
232,9.28,70,car,748,292,809,334,0.0,0.11009173840284348,0.0,0.02752293460071087,22.54,6.31
232,9.28,71,car,51,309,104,334,-2.103895902633667,0.0,-2.3376622200012207,0.0,25.94,6.78
233,9.32,69,car,136,307,181,330,-3.515836238861084,0.021589400246739388,-3.742918014526367,0.3167039155960083,30.56,10.16
233,9.32,70,car,748,296,810,336,0.15924488008022308,0.783607006072998,0.31848976016044617,0.4745729863643646,22.18,4.73
233,9.32,71,car,23,309,81,335,-5.4461259841918945,0.0,-4.637231826782227,0.31422680616378784,23.71,11.23
234,9.36,69,car,122,308,166,331,-3.4520461559295654,0.3053789436817169,-3.796025514602661,0.27863404154777527,31.25,12.14
234,9.36,70,car,748,298,815,336,-0.031155792996287346,0.6915380358695984,0.8312454223632812,0.19281689822673798,20.52,4.71
234,9.36,71,car,0,309,61,339,-5.597830295562744,0.14583595097064972,-4.895458698272705,0.6345781087875366,22.54,13.43
235,9.4,69,car,105,308,155,332,-3.9124085903167725,0.02995753474533558,-3.18680739402771,0.2545306086540222,27.5,13.49
235,9.4,70,car,747,298,813,338,-0.0489613302052021,0.26984745264053345,0.003769674338400364,0.3191327452659607,20.83,5.3
235,9.4,71,car,-6,310,40,340,-3.214345693588257,0.08758246153593063,-5.153029918670654,0.46881771087646484,29.89,12.93
236,9.44,69,car,88,307,141,331,-4.197106838226318,-0.18658055365085602,-3.260310411453247,-0.048825230449438095,25.94,14.71
236,9.44,70,car,751,296,813,336,0.5679117441177368,-0.26504775881767273,-0.007021160796284676,-0.1413363814353943,22.18,4.81
237,9.48,69,car,69,305,129,331,-5.202907085418701,-0.29186078906059265,-3.603970766067505,0.06602634489536285,22.92,15.68
237,9.48,70,car,753,293,813,334,0.5776196718215942,-0.5435348153114319,0.1429019570350647,-0.3124552369117737,22.92,3.76
238,9.52,69,car,47,306,121,332,-6.274265766143799,-0.034190647304058075,-3.2646381855010986,0.21659411489963531,18.58,14.57
238,9.52,70,car,754,294,816,334,0.46898239850997925,-0.21525931358337402,0.5705773830413818,-0.2136659026145935,22.18,4.53
239,9.56,69,car,26,306,115,335,-6.721066474914551,0.04596243053674698,-2.6058359146118164,0.4585391879081726,15.45,13.04
239,9.56,70,car,754,294,820,334,0.22898030281066895,-0.03524389863014221,0.8726795315742493,-0.09196215867996216,20.83,4.45
240,9.6,69,car,6,307,89,336,-6.657684326171875,0.045267485082149506,-5.6351165771484375,0.46256616711616516,16.57,15.16
240,9.6,70,car,754,294,822,335,0.06519625335931778,0.02584145963191986,0.8552278876304626,0.13096050918102264,20.22,4.3
241,9.64,69,car,-7,307,62,337,-5.59065055847168,0.024627357721328735,-7.317030429840088,0.4051491618156433,19.93,15.68
241,9.64,70,car,755,294,821,336,0.1451806277036667,-0.12118756771087646,0.1626371145248413,0.12791532278060913,20.83,4.95
242,9.68,69,car,-7,307,35,335,-2.793175220489502,0.1590149700641632,-8.201146125793457,-0.09403178095817566,32.74,18.17
242,9.68,70,car,755,294,820,337,0.09970393776893616,0.04723626375198364,-0.08574122935533524,0.3707689344882965,21.15,5.24
243,9.72,70,car,755,295,821,337,0.04312163218855858,0.06839252263307571,0.19180648028850555,0.11367826163768768,20.83,5.03
244,9.76,70,car,758,295,822,338,0.5910084843635559,0.1973191797733307,0.20345266163349152,0.16275419294834137,21.48,4.7
245,9.8,70,car,761,297,823,338,0.9037912487983704,0.4786101281642914,0.29473406076431274,0.27914828062057495,22.18,4.01
246,9.84,70,car,762,299,825,339,0.748814582824707,0.5862948298454285,0.6845753788948059,0.238413468003273,21.83,3.44
247,9.88,70,car,762,299,828,340,0.6200449466705322,0.4516192078590393,0.9168058037757874,0.3011089265346527,20.83,3.32
248,9.92,70,car,766,299,830,341,1.1272557973861694,0.2706642746925354,1.0241584777832031,0.3820028007030487,21.48,3.08
249,9.96,70,car,768,299,832,341,0.9777457118034363,0.12630583345890045,0.9085981845855713,0.2987423539161682,21.48,3.23
250,10.0,70,car,768,300,833,341,0.6368407011032104,0.18422597646713257,0.7470744252204895,0.18108224868774414,21.15,2.97
251,10.04,70,car,768,300,833,342,0.4740876257419586,0.15092681348323822,0.46955597400665283,0.23246309161186218,21.15,2.66
252,10.08,70,car,769,300,836,342,0.423185259103775,0.09461416304111481,0.9662350416183472,0.18265444040298462,20.52,3.03
253,10.12,70,car,770,300,837,342,0.42745253443717957,0.046575985848903656,0.7140895128250122,0.1110924780368805,20.52,3.64
254,10.16,70,car,770,299,840,342,0.30342432856559753,-0.13125455379486084,1.0011698007583618,0.19961105287075043,19.64,4.59
255,10.2,70,car,768,297,839,342,-0.12405263632535934,-0.4503965377807617,0.5165333151817322,0.025922762230038643,19.37,5.01
256,10.24,70,car,770,295,838,341,0.19931592047214508,-0.5797134637832642,0.19053807854652405,-0.19101592898368835,20.22,5.69
257,10.28,70,car,771,295,843,340,0.2570311725139618,-0.45591434836387634,0.8986210823059082,-0.21290791034698486,19.1,5.47
257,10.28,72,car,103,312,143,332,0.0,0.0,0.0,0.0,34.38,3.84
258,10.32,70,car,772,293,846,340,0.31390130519866943,-0.50648432970047,1.057990550994873,-0.1230229064822197,18.58,4.87
258,10.32,72,car,98,312,139,332,-1.1612902879714966,0.07258064299821854,-1.0161290168762207,0.07258064299821854,33.54,5.21
259,10.36,70,car,773,294,850,340,0.33725863695144653,-0.14137715101242065,1.2228933572769165,-0.04455142840743065,17.86,3.87
259,10.36,72,car,74,312,118,333,-5.325319766998291,0.007761584594845772,-4.679358005523682,0.32298731803894043,31.25,12.68
260,10.4,70,car,775,294,852,340,0.4915379583835602,0.01492722611874342,0.8640841841697693,-0.15470579266548157,17.86,3.66
260,10.4,72,car,44,312,92,336,-7.7661848068237305,0.13199491798877716,-6.623957633972168,0.5711117386817932,28.65,18.13
261,10.44,70,car,778,294,851,339,0.7605528235435486,0.04796115681529045,0.23173746466636658,-0.11284228414297104,18.84,3.63
261,10.44,72,car,25,313,69,336,-7.019787311553955,0.10546238720417023,-7.146080493927002,0.3814179301261902,31.25,21.97
262,10.48,70,car,780,295,851,341,0.7862125635147095,0.034629859030246735,0.11756118386983871,0.25026771426200867,19.37,4.95
262,10.48,72,car,7,314,48,339,-6.517383098602295,0.35071423649787903,-7.066370010375977,0.6100558042526245,33.54,26.24
263,10.52,70,car,782,295,852,342,0.7386369705200195,0.015598690137267113,0.3370475471019745,0.22879841923713684,19.64,4.6
264,10.56,70,car,784,294,854,341,0.8021911382675171,-0.13691198825836182,0.5800121426582336,0.01452865730971098,19.64,5.3
265,10.6,70,car,786,293,857,341,0.8826783299446106,-0.2972583770751953,0.7888697385787964,-0.06504341214895248,19.37,5.59
266,10.64,70,car,788,293,861,340,0.7983440160751343,-0.11890991032123566,1.2228060960769653,-0.07445205748081207,18.84,5.39
267,10.68,70,car,789,293,864,341,0.8277883529663086,-0.020165899768471718,1.311877965927124,0.09179413318634033,18.33,4.58
268,10.72,70,car,790,295,867,343,0.5947285294532776,0.31525829434394836,1.3990172147750854,0.41835981607437134,17.86,5.1
269,10.76,70,car,789,296,869,344,0.3364821672439575,0.34279656410217285,1.3129948377609253,0.41242802143096924,17.19,3.97
270,10.8,70,car,793,296,870,344,0.8792605996131897,0.25198984146118164,1.0432775020599365,0.2891516089439392,17.86,3.89
271,10.84,70,car,796,295,871,345,1.1098490953445435,-0.001552668632939458,0.7867273688316345,0.3067716062068939,18.33,4.39
272,10.88,70,car,797,295,873,345,0.866722583770752,-0.09225893020629883,0.9040054082870483,0.22299067676067352,18.09,4.34
273,10.92,70,car,798,296,877,346,0.6715845465660095,0.19598807394504547,1.2681399583816528,0.2742427587509155,17.41,4.29
274,10.96,70,car,798,295,880,346,0.5510257482528687,-0.05170076712965965,1.4671767950057983,0.21211211383342743,16.77,5.42
275,11.0,70,car,800,295,883,347,0.639570951461792,0.021308468654751778,1.4015097618103027,0.27434566617012024,16.57,5.72
276,11.04,70,car,802,295,887,347,0.7772789597511292,-0.10557902604341507,1.7005927562713623,0.2161283791065216,16.18,5.61
277,11.08,70,car,805,294,887,346,1.0390952825546265,-0.12018264830112457,1.0148051977157593,-0.015171865932643414,16.77,5.41
278,11.12,70,car,807,295,887,346,0.9748626351356506,0.056750718504190445,0.6169931292533875,0.05299631506204605,17.19,5.69
279,11.16,70,car,806,295,887,348,0.5185195803642273,0.10369478166103363,0.29271021485328674,0.355692058801651,16.98,5.47
280,11.2,70,car,805,297,886,350,0.2021256536245346,0.3838709890842438,0.09012415260076523,0.5069233775138855,16.98,5.09
281,11.24,70,car,806,299,887,350,0.17585885524749756,0.6655981540679932,0.28456124663352966,0.4123852849006653,16.98,4.64
281,11.24,73,car,161,307,202,328,0.0,0.0,0.0,0.0,33.54,7.63
282,11.28,70,car,807,300,889,351,0.23855100572109222,0.4648229479789734,0.38015106320381165,0.3404116630554199,16.77,4.19
282,11.28,73,car,157,307,200,328,-0.9435483813285828,0.07258064299821854,-0.5080645084381104,0.14516128599643707,31.98,7.75
283,11.32,70,car,809,300,893,350,0.44741135835647583,0.20399023592472076,0.983924388885498,0.018588829785585403,16.37,3.68
283,11.32,73,car,138,307,187,329,-4.198765277862549,0.16537444293498993,-2.733706474304199,0.1731216013431549,28.06,12.09
284,11.36,70,car,810,299,895,350,0.4490332305431366,-0.10417898744344711,0.6939393877983093,-0.07142500579357147,16.18,3.29
284,11.36,73,car,110,306,172,330,-6.8183088302612305,-0.17884202301502228,-3.974543571472168,0.4077557921409607,22.18,13.39
285,11.4,70,car,811,298,897,349,0.3971680700778961,-0.13553065061569214,0.7584168910980225,-0.06206684932112694,15.99,3.48
285,11.4,73,car,94,304,158,329,-6.094970703125,-0.33659008145332336,-4.306905746459961,-0.0091807646676898,21.48,13.65
286,11.44,70,car,813,297,901,350,0.5059161186218262,-0.23292089998722076,1.0347216129302979,0.11911094188690186,15.62,4.09
287,11.48,70,car,815,297,903,351,0.6738258600234985,-0.18950079381465912,1.0911760330200195,0.27195480465888977,15.62,4.94
288,11.52,70,car,818,299,905,353,0.9757235646247864,0.17546981573104858,0.9372081160545349,0.5397141575813293,15.8,6.88
288,11.52,74,car,46,305,120,333,0.0,0.0,0.0,0.0,18.58,12.82
289,11.56,70,car,821,301,906,354,1.1005539894104004,0.38597559928894043,0.599215567111969,0.3901185691356659,16.18,8.31
289,11.56,74,car,38,304,115,333,-2.0322580337524414,-0.07258064299821854,-1.3064515590667725,0.07258064299821854,17.86,10.49
290,11.6,70,car,824,301,907,355,0.9365694522857666,0.26533636450767517,0.5437893271446228,0.3265206515789032,16.57,9.04
290,11.6,74,car,8,304,82,333,-6.83690881729126,-0.16537444293498993,-7.0745744705200195,0.16537444293498993,18.58,13.25
291,11.64,70,car,825,299,911,353,0.6234717965126038,-0.1849098801612854,0.8854511976242065,-0.1368805319070816,15.99,9.29
292,11.68,70,car,825,298,913,352,0.5123907327651978,-0.38405582308769226,1.00088632106781,-0.35296621918678284,15.62,9.25
293,11.72,70,car,825,295,918,350,0.3226470649242401,-0.6352699995040894,1.4821562767028809,-0.4723374545574188,14.78,7.92
294,11.76,70,car,824,294,921,349,0.01058676652610302,-0.6858023405075073,1.5129221677780151,-0.5235747694969177,14.18,6.7
295,11.8,70,car,826,292,924,349,0.33895963430404663,-0.7966039776802063,1.5200852155685425,-0.387283593416214,14.03,6.51
296,11.84,70,car,828,291,925,349,0.5035222172737122,-0.7488722205162048,1.2224879264831543,-0.22468310594558716,14.18,5.83
297,11.88,70,car,829,289,928,349,0.5614410638809204,-0.8055625557899475,1.197415828704834,-0.10041182488203049,13.89,5.49
298,11.92,70,car,833,289,931,349,1.1516939401626587,-0.4424130916595459,1.424174189567566,-0.1731591522693634,14.03,5.27
299,11.96,70,car,836,290,934,349,1.1724560260772705,-0.03502427786588669,1.381081223487854,-0.0015715807676315308,14.03,5.36
300,12.0,70,car,838,291,938,349,1.1292544603347778,0.12174835056066513,1.5473968982696533,0.06058165058493614,13.75,5.56
301,12.04,70,car,838,292,939,350,0.7819828391075134,0.1423540711402893,1.2995007038116455,0.21201598644256592,13.61,5.55
302,12.08,70,car,840,292,942,350,0.8680450320243835,0.10794263333082199,1.2692713737487793,0.0573057122528553,13.48,5.45
303,12.12,70,car,841,289,943,349,0.6439970135688782,-0.37677451968193054,1.0324217081069946,-0.1620357632637024,13.48,5.5
304,12.16,70,car,843,287,947,349,0.81490159034729,-0.5872585773468018,1.3783814907073975,-0.04642147570848465,13.22,4.87
305,12.2,70,car,844,287,951,349,0.6369776129722595,-0.49042999744415283,1.6853892803192139,0.008783629164099693,12.85,4.49
306,12.24,70,car,846,287,955,349,0.8265289068222046,-0.3115512728691101,1.7413204908370972,-0.12082915008068085,12.61,4.71
307,12.28,70,car,849,287,958,349,1.092513918876648,-0.1557120531797409,1.690535068511963,0.014937935397028923,12.61,4.81
308,12.32,70,car,851,288,961,349,1.1609690189361572,0.09293951839208603,1.4694187641143799,0.05937185883522034,12.5,5.02
309,12.36,70,car,853,289,961,350,0.9914271235466003,0.30192646384239197,0.9582650065422058,0.20478954911231995,12.73,5.73
310,12.4,70,car,856,287,960,351,1.2267346382141113,-0.15226507186889648,0.4929840564727783,0.19691398739814758,13.22,6.02
311,12.44,70,car,858,287,959,351,1.0978569984436035,-0.12396775186061859,0.18087530136108398,0.13624036312103271,13.61,6.08
312,12.48,70,car,860,288,959,351,1.1696559190750122,0.06950114667415619,0.015528913587331772,0.07440579682588577,13.89,6.38
313,12.52,70,car,860,287,959,351,0.7049935460090637,-0.17510731518268585,-0.0484796017408371,0.030317017808556557,13.89,6.15
314,12.56,70,car,863,287,958,351,0.9183284044265747,-0.06473744660615921,-0.057256121188402176,0.15243971347808838,14.47,6.32
315,12.6,70,car,868,288,958,352,1.606536626815796,0.1408383846282959,-0.04359379783272743,0.2984490692615509,15.28,6.14
316,12.64,70,car,870,289,958,353,1.3820586204528809,0.3202594518661499,-0.025879396125674248,0.2632712721824646,15.62,5.99
317,12.68,70,car,872,289,958,352,1.1891096830368042,0.14381468296051025,-0.0119122713804245,0.026403900235891342,15.99,5.4
318,12.72,70,car,876,289,958,352,1.5048222541809082,0.03811993449926376,-0.003395731095224619,0.08036290854215622,16.77,5.85
319,12.76,70,car,877,288,958,353,1.1762900352478027,-0.15795770287513733,0.0006742782425135374,0.07615842670202255,16.98,5.45
320,12.8,70,car,878,287,958,353,0.8595016598701477,-0.1820550262928009,0.0019383119652047753,0.052271775901317596,17.19,5.09
321,12.84,70,car,881,286,959,353,1.0806268453598022,-0.2841145694255829,0.001821769867092371,0.0283268503844738,17.63,5.17
322,12.88,70,car,886,285,959,353,1.5770872831344604,-0.38422873616218567,0.0012390592601150274,0.011396866291761398,18.84,5.73
323,12.92,70,car,889,286,959,353,1.586069941520691,-0.1604813188314438,0.0006742782425135374,0.1488448530435562,19.64,5.36
324,12.96,70,car,890,286,959,354,1.1233797073364258,-0.03288561478257179,0.00027086318004876375,0.3014209270477295,19.93,5.73
325,13.0,70,car,892,286,959,356,1.0676636695861816,0.0226556695997715,5.5708500440232456e-05,0.5614936351776123,20.52,5.81
326,13.04,70,car,893,287,959,357,0.8808645606040955,0.035972848534584045,-4.290405922802165e-05,0.49006229639053345,20.83,5.92
327,13.08,70,car,894,289,959,356,0.8486989140510559,0.4708274006843567,-6.083361950004473e-05,0.1735428422689438,21.15,6.0
328,13.12,70,car,898,290,958,357,1.1753395795822144,0.48887351155281067,-5.186883936403319e-05,0.15563121438026428,22.92,6.06
329,13.16,70,car,901,290,958,357,1.3881545066833496,0.3517572283744812,-3.393928272998892e-05,0.10346965491771698,24.12,7.77
330,13.2,70,car,904,288,958,355,1.350645899772644,-0.09463050961494446,-7.0449450504384e-06,-0.239433154463768,25.46,7.19
331,13.24,70,car,905,286,959,353,1.0872786045074463,-0.521089494228363,1.919833266583737e-06,-0.5861459374427795,25.46,6.51
332,13.28,70,car,906,286,959,353,0.820065438747406,-0.37447503209114075,1.919833266583737e-06,-0.3917447328567505,25.94,6.26
333,13.32,70,car,909,286,959,354,1.0706040859222412,-0.2117508351802826,1.919833266583737e-06,-0.05988653376698494,27.5,6.81
334,13.36,70,car,914,288,959,355,1.5805834531784058,0.3496011793613434,1.919833266583737e-06,0.22390249371528625,30.56,5.52
335,13.4,70,car,918,290,959,356,1.7402820587158203,0.5956171154975891,1.919833266583737e-06,0.4070439636707306,33.54,7.52
336,13.44,70,car,921,293,959,358,1.7271127700805664,0.8028649091720581,1.919833266583737e-06,0.5002014636993408,36.18,10.04
337,13.48,70,car,923,294,959,358,1.361905574798584,0.7884137034416199,1.919833266583737e-06,0.38675668835639954,38.19,11.23
338,13.52,70,car,926,300,959,359,1.4180430173873901,1.579766035079956,1.919833266583737e-06,0.37923523783683777,41.67,12.6
340,13.6,75,motorcycle,932,321,959,361,0.0,0.0,0.0,0.0,50.93,22.67
342,13.68,76,car,939,307,959,362,0.0,0.0,0.0,0.0,68.75,16.31
347,13.88,77,car,72,308,112,332,0.0,0.0,0.0,0.0,34.38,17.52
348,13.92,77,car,69,307,110,332,-0.6330274939537048,-0.02752293460071087,-0.4128440320491791,0.05504586920142174,33.54,15.87
349,13.96,77,car,50,306,95,333,-5.128313064575195,-0.24309898912906647,-3.8780269622802734,0.25469374656677246,30.56,17.33
350,14.0,77,car,14,305,65,334,-10.571775436401367,-0.35399162769317627,-8.51830768585205,0.49847087264060974,26.96,22.62
351,14.04,77,car,-9,304,40,336,-11.117348670959473,-0.44445106387138367,-10.059480667114258,0.6033543944358826,28.06,27.57
378,15.12,78,car,131,306,178,329,0.0,0.0,0.0,0.0,29.26,14.81
379,15.16,78,car,129,305,176,329,-0.49541282653808594,-0.02752293460071087,-0.2752293348312378,0.02752293460071087,29.26,11.46
380,15.2,78,car,114,304,169,330,-4.028562545776367,-0.3588528633117676,-1.9679991006851196,0.24309898912906647,25.0,11.53
381,15.24,78,car,82,304,153,332,-8.98153305053711,-0.233834370970726,-4.6203532218933105,0.6538786292076111,19.37,13.09
382,15.28,78,car,56,303,146,334,-10.520376205444336,-0.40569379925727844,-4.103044509887695,0.784584641456604,15.28,14.68
383,15.32,78,car,35,304,118,335,-10.500036239624023,-0.0629509910941124,-7.77918815612793,0.6060042381286621,16.57,16.54
384,15.36,78,car,16,305,98,335,-10.057868957519531,0.22571782767772675,-8.609864234924316,0.50987708568573,16.77,20.03
385,15.4,78,car,-3,306,67,335,-10.171107292175293,0.2655525505542755,-11.219585418701172,0.3256743848323822,19.64,25.13
386,15.44,78,car,-13,304,43,334,-8.108299255371094,-0.09128086268901825,-11.516526222229004,0.016501136124134064,24.55,29.3
387,15.48,78,car,-12,303,21,335,-4.982251167297363,-0.3401024043560028,-11.178230285644531,0.19381271302700043,41.67,35.7
415,16.6,79,car,168,307,222,326,0.0,0.0,0.0,0.0,25.46,3.45
420,16.8,80,car,73,309,148,333,0.0,0.0,0.0,0.0,18.33,6.39
421,16.84,80,car,70,308,145,333,-0.6330274939537048,-0.02752293460071087,-0.60550457239151,0.0,18.33,6.41
422,16.88,80,car,46,308,124,333,-6.401605606079102,-0.12734511494636536,-5.579736709594727,0.11575387418270111,17.63,9.27
423,16.92,80,car,5,307,84,334,-12.398856163024902,-0.3242054283618927,-11.596047401428223,0.3296732008457184,17.41,15.63
424,16.96,80,car,-14,306,42,335,-11.320174217224121,-0.3131527602672577,-15.174887657165527,0.32431745529174805,24.55,23.93
444,17.76,81,car,83,306,130,329,0.0,0.0,0.0,0.0,29.26,5.67
445,17.8,81,car,78,306,126,329,-1.2338709831237793,0.07258064299821854,-0.9435483813285828,0.07258064299821854,28.65,8.35
445,17.8,82,car,197,306,238,326,0.0,0.0,0.0,0.0,33.54,11.39
446,17.84,81,car,58,306,110,330,-5.223748683929443,0.16600799560546875,-4.135905742645264,0.3072829246520996,26.44,12.3
447,17.88,81,car,27,306,83,332,-8.050263404846191,-0.013472055085003376,-6.698118209838867,0.45520922541618347,24.55,15.68
447,17.88,83,car,178,304,219,327,0.0,0.0,0.0,0.0,33.54,7.5
448,17.92,81,car,5,306,63,332,-7.606806755065918,-0.056140802800655365,-6.785080909729004,0.2926240861415863,23.71,17.8
448,17.92,83,car,176,304,217,327,-0.38532108068466187,0.05504586920142174,-0.2752293348312378,0.0,33.54,4.04
449,17.96,81,car,-8,305,46,333,-7.3265533447265625,-0.19203437864780426,-7.432332515716553,0.31134259700775146,25.46,23.37
450,18.0,81,car,-9,304,26,332,-3.8479466438293457,-0.15479253232479095,-7.016632556915283,0.02158958464860916,39.29,29.84
450,18.0,84,car,138,305,189,327,0.0,0.0,0.0,0.0,26.96,6.55
451,18.04,84,car,136,305,187,326,-0.33027520775794983,0.0,-0.4403669536113739,-0.02752293460071087,26.96,9.42
452,18.08,84,car,122,305,173,327,-3.7274913787841797,0.11575387418270111,-3.773865222930908,0.10416264086961746,26.96,11.18
453,18.12,84,car,95,304,148,327,-7.755195617675781,-0.12015727162361145,-7.283507347106934,0.18519747257232666,25.94,16.56
454,18.16,84,car,66,302,125,328,-10.435302734375,-0.48008251190185547,-8.997823715209961,0.16542209684848785,23.31,20.09
455,18.2,84,car,41,301,104,328,-11.145254135131836,-0.47315749526023865,-9.480917930603027,0.11046209186315536,21.83,25.67
456,18.24,84,car,19,301,88,330,-11.073354721069336,-0.3334994316101074,-8.93885612487793,0.49302488565444946,19.93,29.59
457,18.28,84,car,-1,302,71,332,-10.879486083984375,-0.03879382088780403,-8.75808334350586,0.635257363319397,19.1,32.15
458,18.32,84,car,-13,302,50,335,-9.084053993225098,0.07965820282697678,-9.49686336517334,0.9406432509422302,21.83,31.84
459,18.36,84,car,-13,303,23,336,-5.767881870269775,0.09900690615177155,-10.939306259155273,0.7745500802993774,38.19,35.4
478,19.12,85,car,0,315,40,344,0.0,0.0,0.0,0.0,34.38,8.6
501,20.04,86,car,98,312,158,331,0.0,0.0,0.0,0.0,22.92,5.58
502,20.08,86,car,96,312,155,331,-0.38532108068466187,0.0,-0.6880733370780945,0.0,23.31,3.59
503,20.12,86,car,84,311,138,331,-3.287663698196411,-0.11575387418270111,-4.572729110717773,0.11575387418270111,25.46,9.22
504,20.16,86,car,62,311,112,332,-6.4255757331848145,-0.029786214232444763,-8.162763595581055,0.3296732008457184,27.5,13.21
505,20.2,86,car,38,311,97,334,-8.527266502380371,0.015807129442691803,-7.887566089630127,0.6185283064842224,23.31,15.96
506,20.24,86,car,22,312,81,336,-8.422188758850098,0.17217282950878143,-7.963656902313232,0.6899313926696777,23.31,19.42
507,20.28,86,car,6,313,60,337,-8.261354446411133,0.32444265484809875,-8.871472358703613,0.6610330939292908,25.46,24.76
508,20.32,86,car,-8,315,47,345,-7.979966163635254,0.4315394163131714,-7.926892280578613,1.7721030712127686,25.0,23.6
509,20.36,86,car,-11,316,30,342,-5.536471366882324,0.490530401468277,-8.191946983337402,0.6289799809455872,33.54,22.03
542,21.68,87,car,123,308,175,329,0.0,0.0,0.0,0.0,26.44,5.31
545,21.8,88,car,88,311,132,330,0.0,0.0,0.0,0.0,31.25,12.26
546,21.84,88,car,86,311,130,330,-0.4678898751735687,0.0,-0.35779815912246704,0.05504586920142174,31.25,10.96
547,21.88,88,car,72,309,119,331,-3.553952217102051,-0.34726160764694214,-2.928807258605957,0.25469374656677246,29.26,8.55
548,21.92,88,car,45,305,104,332,-7.818246841430664,-0.9890195727348328,-4.992187976837158,0.49847087264060974,23.31,12.18
549,21.96,88,car,23,306,86,333,-8.962998390197754,-0.5316495299339294,-6.466851711273193,0.4562489986419678,21.83,15.22
550,22.0,88,car,7,307,63,333,-8.670881271362305,-0.06679196655750275,-8.313858985900879,0.30918124318122864,24.55,19.81
551,22.04,88,car,-8,309,45,333,-8.514378547668457,0.26771169900894165,-8.46461296081543,0.16572019457817078,25.94,24.36
552,22.08,88,car,-12,307,29,332,-5.969316482543945,-0.12619507312774658,-8.384106636047363,-0.08135762065649033,33.54,31.7
560,22.4,89,car,49,306,117,327,0.0,0.0,0.0,0.0,20.22,6.16
561,22.44,89,car,47,305,114,327,-0.4128440320491791,-0.02752293460071087,-0.6605504155158997,0.0,20.52,8.12
562,22.48,90,car,105,307,152,325,0.0,0.0,0.0,0.0,29.26,10.82
563,22.52,91,car,0,307,62,327,0.0,0.0,0.0,0.0,22.18,5.11
564,22.56,92,car,89,307,139,325,0.0,0.0,0.0,0.0,27.5,4.52
565,22.6,92,car,87,307,137,325,-0.4403669536113739,0.0,-0.4678898751735687,0.0,27.5,6.21
566,22.64,92,car,74,307,123,325,-3.5423583984375,0.11575387418270111,-3.7854580879211426,0.0,28.06,10.26
568,22.72,93,car,30,309,83,326,0.0,0.0,0.0,0.0,25.94,6.35
569,22.76,93,car,27,308,81,326,-0.5229357481002808,-0.05504586920142174,-0.4403669536113739,0.02752293460071087,25.46,5.14
570,22.8,93,car,14,307,68,327,-3.6928927898406982,-0.37044763565063477,-3.4266045093536377,0.3588528633117676,25.46,5.91
614,24.56,94,car,174,307,227,326,0.0,0.0,0.0,0.0,25.94,3.9
615,24.6,94,car,172,306,226,326,-0.302752286195755,-0.02752293460071087,-0.1376146674156189,0.02752293460071087,25.46,3.96
616,24.64,94,car,161,307,218,326,-2.905621290206909,0.10416264086961746,-2.1415364742279053,0.12734511494636536,24.12,4.9
618,24.72,95,car,128,307,191,328,0.0,0.0,0.0,0.0,21.83,5.89
619,24.76,95,car,126,307,189,328,-0.4403669536113739,0.0,-0.302752286195755,0.02752293460071087,21.83,4.31
620,24.8,95,car,110,306,180,328,-4.121127605438232,-0.23150774836540222,-2.44260573387146,0.12734511494636536,19.64,5.2
621,24.84,95,car,100,306,164,329,-4.523941516876221,-0.059572428464889526,-4.883973598480225,0.1742619425058365,21.48,7.75
623,24.92,96,car,28,301,105,330,0.0,0.0,0.0,0.0,17.86,1.0
624,24.96,97,car,78,307,131,327,0.0,0.0,0.0,0.0,25.94,5.88
625,25.0,97,car,77,307,129,327,-0.22018347680568695,0.0,-0.33027520775794983,0.02752293460071087,26.44,5.44
625,25.0,98,car,0,298,52,329,0.0,0.0,0.0,0.0,26.44,6.16
626,25.04,97,car,62,307,109,327,-3.0003936290740967,0.0,-4.10247802734375,-0.0031616410706192255,29.26,9.71
626,25.04,98,car,0,298,49,329,0.0,0.02752293460071087,-0.5504586696624756,0.05504586920142174,28.06,5.9
626,25.04,99,car,181,304,229,322,0.0,0.0,0.0,0.0,28.65,5.74
627,25.08,97,car,37,307,91,328,-4.974696159362793,0.0,-4.263589382171631,0.2862933874130249,25.46,13.78
627,25.08,99,car,178,303,228,322,-0.5779816508293152,-0.02752293460071087,-0.1376146674156189,0.02752293460071087,27.5,9.55
628,25.12,97,car,22,307,73,330,-4.920625686645508,0.1461540162563324,-5.20155668258667,0.36164960265159607,26.96,15.0
628,25.12,99,car,155,303,215,324,-5.329046249389648,-0.003402405185624957,-2.937875747680664,0.44152963161468506,22.92,10.94
629,25.16,97,car,5,308,56,331,-5.394222736358643,0.11814615875482559,-5.3545145988464355,0.36845624446868896,26.96,17.45
629,25.16,99,car,121,303,193,326,-8.602045059204102,0.010845332406461239,-5.21290397644043,0.60871821641922,19.1,12.45
630,25.2,97,car,-5,309,39,332,-4.5807929039001465,0.20855417847633362,-5.5350446701049805,0.3542667329311371,31.25,19.71
630,25.2,99,car,92,304,175,330,-9.061430931091309,0.009836402721703053,-5.726696014404297,0.975724458694458,16.57,12.84
631,25.24,99,car,66,304,160,333,-8.854598999023438,0.005177759099751711,-5.385374069213867,0.9325261116027832,14.63,14.23
632,25.28,99,car,43,304,129,333,-9.84630298614502,0.14553214609622955,-8.908943176269531,0.6552600860595703,15.99,16.13
633,25.32,99,car,15,303,101,333,-11.417683601379395,-0.14133621752262115,-10.770566940307617,0.5114919543266296,15.99,18.53
634,25.36,99,car,-10,302,70,333,-12.009475708007812,-0.3511427938938141,-12.54725170135498,0.30809763073921204,17.19,21.4
635,25.4,99,car,-16,299,41,331,-8.675087928771973,-0.765230655670166,-13.315176010131836,-0.29833441972732544,24.12,26.66
642,25.68,100,car,87,307,155,327,0.0,0.0,0.0,0.0,20.22,5.87
643,25.72,100,car,84,307,153,327,-0.7155963182449341,0.02752293460071087,-0.4403669536113739,0.02752293460071087,19.93,4.93
644,25.76,100,car,62,306,138,327,-5.857616424560547,-0.10416264086961746,-4.005373001098633,0.12734511494636536,18.09,6.05
646,25.84,101,car,0,307,62,331,0.0,0.0,0.0,0.0,22.18,10.36
666,26.64,102,car,11,311,66,326,0.0,0.0,0.0,0.0,25.0,6.12
