frame,second,id,label,bbox,distance_m,speed_kmh
1,0.03,0,car,"546,430,583,449",37.16,80.0
1,0.03,1,car,"270,433,311,457",33.54,80.0
1,0.03,2,car,"743,428,777,446",40.44,80.0
1,0.03,3,car,"324,428,397,456",18.84,80.0
1,0.03,4,car,"781,428,810,444",47.41,80.0
1,0.03,5,car,"409,434,450,452",33.54,80.0
2,0.07,1,car,"260,430,301,456",33.54,82.26
2,0.07,2,car,"743,428,774,446",44.35,83.04
2,0.07,3,car,"312,429,384,455",19.1,81.53
2,0.07,4,car,"772,428,802,443",45.83,83.28
2,0.07,5,car,"410,436,449,452",35.26,82.46
2,0.07,6,car,"658,430,685,443",50.93,86.97
3,0.1,1,car,"210,423,300,458",15.28,87.18
3,0.1,3,car,"248,426,372,458",11.09,86.19
3,0.1,4,car,"761,428,798,444",37.16,85.66
3,0.1,5,car,"398,433,441,452",31.98,84.09
3,0.1,7,car,"566,432,601,449",39.29,82.8
4,0.14,3,car,"191,429,278,458",15.8,93.35
4,0.14,5,car,"376,433,432,453",24.55,85.11
4,0.14,7,car,"555,431,593,448",36.18,83.23
4,0.14,8,car,"286,429,347,458",22.54,85.71
5,0.17,3,car,"197,429,273,459",18.09,92.76
5,0.17,5,car,"384,436,427,453",31.98,85.34
5,0.17,8,car,"262,427,338,459",18.09,86.99
6,0.21,3,car,"174,428,241,458",20.52,96.08
6,0.21,3,car,"170,428,241,458",19.37,98.8
6,0.21,5,car,"383,435,423,451",34.38,85.86
6,0.21,9,car,"521,433,552,449",44.35,85.05
6,0.21,10,car,"767,427,795,442",49.11,85.6
7,0.24,3,car,"161,421,304,465",9.62,96.3
7,0.24,3,car,"160,420,304,465",9.55,89.94
7,0.24,5,car,"343,439,408,455",21.15,87.62
7,0.24,9,car,"513,435,545,452",42.97,84.54
7,0.24,10,car,"760,425,793,442",41.67,90.38
7,0.24,10,car,"761,425,793,442",42.97,91.97
8,0.28,3,car,"133,428,281,467",9.29,88.05
8,0.28,5,car,"349,436,402,455",25.94,86.6
8,0.28,9,car,"505,437,537,453",42.97,83.3
8,0.28,10,car,"867,430,826,446",inf,108.48
8,0.28,11,car,"645,430,672,443",50.93,90.3
8,0.28,12,car,"746,426,782,445",38.19,87.72
8,0.28,13,car,"771,427,797,442",52.88,90.69
9,0.31,3,car,"110,428,249,469",9.89,85.09
9,0.31,5,car,"340,438,397,459",24.12,85.13
9,0.31,9,car,"506,439,530,454",57.29,83.3
9,0.31,9,car,"505,439,530,454",55.0,83.3
9,0.31,11,car,"631,430,668,444",37.16,91.59
9,0.31,11,car,"631,430,668,444",37.16,92.02
9,0.31,12,car,"752,426,783,445",44.35,90.48
9,0.31,13,car,"798,427,829,446",44.35,103.54
10,0.34,3,car,"74,433,231,474",8.76,82.51
10,0.34,5,car,"311,436,387,460",18.09,85.09
10,0.34,9,car,"474,442,529,455",25.0,88.21
10,0.34,9,car,"469,442,529,455",22.92,93.34
10,0.34,11,car,"712,424,678,443",inf,98.78
10,0.34,12,car,"781,427,796,443",91.67,99.65
10,0.34,12,car,"784,427,796,443",114.58,104.23
10,0.34,13,car,"828,428,828,446",inf,107.07
10,0.34,14,car,"608,431,637,446",47.41,86.62
10,0.34,15,car,"637,430,664,444",50.93,87.11
11,0.38,3,car,"43,425,197,471",8.93,82.33
11,0.38,5,car,"330,435,374,459",31.25,87.45
11,0.38,11,car,"795,424,793,443",inf,107.97
11,0.38,11,car,"801,424,793,443",inf,118.85
11,0.38,12,car,"871,424,829,445",inf,110.42
11,0.38,14,car,"605,431,634,446",47.41,90.48
11,0.38,15,car,"630,428,656,444",52.88,88.66
11,0.38,15,car,"629,428,656,444",50.93,89.18
11,0.38,16,car,"531,429,574,449",31.98,90.82
11,0.38,17,car,"491,438,520,454",47.41,96.05
12,0.41,3,car,"24,431,163,473",9.89,82.2
12,0.41,5,car,"298,434,363,461",21.15,85.61
12,0.41,11,car,"855,422,831,445",inf,126.79
12,0.41,14,car,"592,433,623,446",44.35,90.47
12,0.41,15,car,"653,428,666,442",105.77,94.03
12,0.41,16,car,"542,430,586,449",31.25,96.88
12,0.41,16,car,"544,429,586,449",32.74,98.89
12,0.41,18,car,"764,424,794,443",45.83,96.52
13,0.45,3,car,"-16,421,122,470",9.96,82.77
13,0.45,5,car,"286,433,357,458",19.37,85.63
13,0.45,14,car,"645,428,663,441",76.39,106.96
13,0.45,14,car,"650,427,663,441",105.77,116.85
13,0.45,16,car,"535,434,578,449",31.98,97.01
13,0.45,18,car,"779,425,802,441",59.78,106.08
13,0.45,18,car,"781,425,802,441",65.48,109.27
13,0.45,19,car,"480,436,512,453",42.97,94.84
14,0.48,3,car,"-9,419,101,471",12.5,82.89
14,0.48,5,car,"265,433,338,459",18.84,86.26
14,0.48,5,car,"263,433,338,459",18.33,85.86
14,0.48,14,car,"718,419,687,438",inf,125.0
14,0.48,16,car,"510,433,554,448",31.25,94.98
14,0.48,18,car,"825,424,834,444",152.78,118.16
14,0.48,18,car,"831,424,834,444",458.33,123.5
14,0.48,18,car,"836,424,834,444",inf,133.16
14,0.48,19,car,"471,436,505,453",40.44,92.43
14,0.48,20,car,"627,430,649,441",62.5,98.58
14,0.48,21,car,"649,427,672,439",59.78,97.78
15,0.52,3,car,"1,422,69,470",20.22,83.28
15,0.52,5,car,"285,436,330,454",30.56,84.99
15,0.52,5,car,"286,436,330,454",31.25,86.1
15,0.52,14,car,"819,424,834,445",91.67,135.64
15,0.52,14,car,"825,424,834,445",152.78,147.06
15,0.52,14,car,"832,424,834,445",687.5,145.28
15,0.52,16,car,"547,430,571,448",57.29,98.07
15,0.52,16,car,"550,430,571,448",65.48,98.74
15,0.52,19,car,"458,436,500,452",32.74,89.71
15,0.52,20,car,"613,430,641,441",49.11,91.46
15,0.52,21,car,"642,428,666,440",57.29,92.22
15,0.52,21,car,"641,428,666,440",55.0,90.37
15,0.52,22,car,"801,425,831,444",45.83,90.67
16,0.55,3,car,"0,408,43,469",31.98,85.74
16,0.55,5,car,"232,432,318,458",15.99,86.16
16,0.55,19,car,"508,434,536,451",49.11,94.74
16,0.55,20,car,"616,430,644,444",49.11,95.46
16,0.55,21,car,"637,429,661,441",57.29,94.27
16,0.55,22,car,"741,427,793,441",26.44,95.53
16,0.55,22,car,"737,427,793,441",24.55,97.16
16,0.55,22,car,"733,427,793,441",22.92,97.97
16,0.55,23,car,"803,424,835,445",42.97,99.87
17,0.59,5,car,"231,432,304,460",18.84,85.9
17,0.59,19,car,"496,434,540,450",31.25,93.36
17,0.59,20,car,"545,435,598,447",25.94,102.29
17,0.59,21,car,"613,430,646,443",41.67,94.54
17,0.59,22,car,"749,427,784,444",39.29,96.39
17,0.59,23,car,"803,424,837,445",40.44,95.03
18,0.62,5,car,"227,436,291,459",21.48,85.97
18,0.62,19,car,"491,436,533,450",32.74,92.19
18,0.62,21,car,"553,436,599,447",29.89,99.99
18,0.62,22,car,"752,426,782,444",45.83,97.54
18,0.62,23,car,"803,425,835,447",42.97,95.01
19,0.66,19,car,"479,433,526,449",29.26,91.54
19,0.66,21,car,"553,435,593,448",34.38,102.42
19,0.66,22,car,"752,426,783,443",44.35,96.22
19,0.66,23,car,"804,423,837,446",41.67,94.51
20,0.69,19,car,"468,435,516,452",28.65,91.43
20,0.69,21,car,"563,435,593,448",45.83,103.34
20,0.69,22,car,"753,428,782,444",47.41,94.37
20,0.69,23,car,"802,425,837,447",39.29,93.19
20,0.69,24,car,"616,432,641,443",55.0,92.1
21,0.72,19,car,"473,435,513,451",34.38,89.97
21,0.72,22,car,"754,426,782,443",49.11,96.95
21,0.72,23,car,"805,425,837,447",42.97,95.2
21,0.72,24,car,"616,431,641,443",55.0,105.4
22,0.76,19,car,"462,435,504,452",32.74,92.77
22,0.76,19,car,"463,435,504,452",33.54,95.33
22,0.76,22,car,"761,426,785,443",57.29,99.93
22,0.76,23,car,"807,425,838,448",44.35,97.05
22,0.76,24,car,"612,432,638,445",52.88,102.73
22,0.76,25,car,"540,433,569,447",47.41,98.61
22,0.76,26,car,"557,434,583,447",52.88,100.76
23,0.79,19,car,"407,433,481,453",18.58,95.48
23,0.79,22,car,"720,424,764,444",31.25,98.72
23,0.79,23,car,"804,422,837,447",41.67,96.52
23,0.79,25,car,"536,433,566,447",45.83,95.71
23,0.79,27,car,"127,435,206,465",17.41,86.01
24,0.83,19,car,"430,433,479,452",28.06,96.89
24,0.83,22,car,"722,424,758,444",38.19,98.39
24,0.83,23,car,"735,425,788,442",25.94,102.33
24,0.83,27,car,"109,435,193,466",16.37,84.03
24,0.83,28,car,"612,430,636,442",57.29,100.65
24,0.83,29,car,"626,429,650,441",57.29,100.65
24,0.83,30,car,"805,423,838,447",41.67,95.02
25,0.86,19,car,"413,435,477,455",21.48,92.66
25,0.86,22,car,"777,426,786,442",152.78,106.27
25,0.86,27,car,"48,441,171,469",11.18,86.6
25,0.86,28,car,"619,430,643,443",57.29,100.08
25,0.86,30,car,"808,425,838,448",45.83,93.38
25,0.86,31,car,"559,434,593,448",40.44,87.19
26,0.9,19,car,"403,439,473,458",19.64,88.97
26,0.9,22,car,"770,424,795,441",55.0,104.64
26,0.9,22,car,"772,424,795,441",59.78,104.67
26,0.9,27,car,"47,440,147,471",13.75,86.02
26,0.9,28,car,"609,432,636,445",50.93,96.16
26,0.9,31,car,"529,432,581,448",26.44,91.04
26,0.9,31,car,"526,432,581,448",25.0,92.32
27,0.93,19,car,"395,436,460,458",21.15,85.13
27,0.93,22,car,"844,425,838,450",inf,116.09
27,0.93,22,car,"850,425,838,450",inf,127.15
27,0.93,27,car,"4,438,115,471",12.39,86.75
27,0.93,28,car,"628,430,657,442",47.41,102.46
27,0.93,28,car,"632,430,657,442",55.0,106.24
27,0.93,28,car,"635,430,657,442",62.5,110.38
27,0.93,31,car,"480,432,555,449",18.33,93.45
28,0.97,19,car,"385,435,451,460",20.83,84.76
28,0.97,27,car,"-10,438,89,474",13.89,87.2
28,0.97,31,car,"515,434,552,452",37.16,91.7
28,0.97,32,car,"770,424,801,441",44.35,85.82
28,0.97,33,car,"618,430,647,444",47.41,86.22
29,1.0,19,car,"378,438,443,461",21.15,83.54
29,1.0,27,car,"-7,437,63,476",19.64,87.51
29,1.0,31,car,"520,432,553,449",41.67,90.92
29,1.0,32,car,"766,425,797,440",44.35,85.28
29,1.0,33,car,"613,431,642,444",47.41,86.32
30,1.03,19,car,"361,433,432,460",19.37,86.03
30,1.03,27,car,"0,443,39,476",35.26,87.16
30,1.03,31,car,"530,432,562,449",42.97,88.78
30,1.03,32,car,"781,423,810,442",47.41,84.19
30,1.03,32,car,"783,423,810,442",50.93,83.65
30,1.03,33,car,"621,428,650,443",47.41,86.75
31,1.07,19,car,"352,434,423,461",19.37,87.12
31,1.07,31,car,"488,435,535,452",29.26,90.58
31,1.07,32,car,"800,423,813,440",105.77,87.01
31,1.07,32,car,"803,423,813,440",137.5,89.94
31,1.07,32,car,"806,423,813,440",196.43,93.08
31,1.07,33,car,"555,433,611,446",24.55,98.71
31,1.07,34,car,"624,429,653,443",47.41,87.01
32,1.1,19,car,"332,433,410,463",17.63,88.33
32,1.1,31,car,"451,428,536,453",16.18,90.99
32,1.1,34,car,"573,430,628,446",25.0,103.45
32,1.1,34,car,"569,430,628,446",23.31,108.93
32,1.1,35,car,"761,424,790,440",47.41,85.24
32,1.1,36,car,"773,424,801,440",49.11,85.43
32,1.1,37,car,"784,424,811,441",50.93,85.63
32,1.1,38,car,"706,425,739,442",41.67,84.6
32,1.1,39,car,"631,428,659,443",49.11,85.43
33,1.14,19,car,"315,435,395,462",17.19,88.7
33,1.14,34,car,"465,435,529,453",21.48,109.93
33,1.14,35,car,"768,424,796,441",49.11,84.04
33,1.14,36,car,"779,424,805,440",52.88,84.38
33,1.14,38,car,"706,425,741,442",39.29,83.52
33,1.14,39,car,"503,436,597,449",14.63,119.95
33,1.14,39,car,"493,437,597,449",13.22,131.45
33,1.14,39,car,"483,438,597,449",12.06,137.2
33,1.14,40,car,"627,430,655,444",49.11,83.04
34,1.17,19,car,"297,433,380,463",16.57,90.21
34,1.17,34,car,"467,435,524,453",24.12,106.75
34,1.17,35,car,"775,422,802,441",50.93,85.62
34,1.17,38,car,"706,425,742,443",38.19,86.0
34,1.17,40,car,"621,428,654,444",41.67,90.75
34,1.17,41,car,"561,433,598,448",37.16,90.68
35,1.21,19,car,"275,433,373,462",14.03,89.61
35,1.21,34,car,"450,434,518,454",20.22,108.22
35,1.21,35,car,"784,424,806,441",62.5,85.58
35,1.21,35,car,"785,424,806,441",65.48,85.55
35,1.21,38,car,"706,425,742,444",38.19,86.92
35,1.21,40,car,"628,430,654,444",52.88,89.81
35,1.21,41,car,"566,433,596,448",45.83,88.71
36,1.24,19,car,"245,435,355,466",12.5,90.48
36,1.24,34,car,"476,435,516,454",34.38,102.47
36,1.24,34,car,"479,435,516,454",37.16,96.71
36,1.24,35,car,"782,425,802,441",68.75,87.29
36,1.24,35,car,"783,426,802,441",72.37,89.5
36,1.24,38,car,"704,426,738,443",40.44,88.73
36,1.24,40,car,"617,428,648,444",44.35,93.69
36,1.24,41,car,"585,431,605,447",68.75,90.29
37,1.28,19,car,"216,433,339,468",11.18,89.93
37,1.28,34,car,"403,438,489,456",15.99,92.75
37,1.28,35,car,"774,424,800,440",52.88,89.19
37,1.28,38,car,"706,427,735,443",47.41,89.21
37,1.28,40,car,"609,430,640,445",44.35,91.85
37,1.28,41,car,"569,431,601,447",42.97,88.87
37,1.28,42,car,"368,445,405,460",37.16,85.32
37,1.28,43,car,"472,437,509,454",37.16,85.32
38,1.31,19,car,"197,436,304,470",12.85,90.04
38,1.31,34,car,"453,433,496,455",31.98,92.33
38,1.31,34,car,"455,433,496,455",33.54,91.84
38,1.31,35,car,"773,424,798,440",55.0,88.68
38,1.31,40,car,"603,428,635,446",42.97,92.87
39,1.34,19,car,"154,441,269,471",11.96,90.75
39,1.34,34,car,"428,436,474,455",29.89,92.38
39,1.34,35,car,"788,423,811,441",59.78,90.3
39,1.34,35,car,"790,423,811,441",65.48,90.22
39,1.34,40,car,"606,428,636,446",45.83,90.12
40,1.38,19,car,"127,436,255,473",10.74,90.44
40,1.38,34,car,"400,438,466,459",20.83,93.11
40,1.38,35,car,"772,424,800,440",49.11,89.42
40,1.38,40,car,"568,431,609,448",33.54,90.38
40,1.38,40,car,"566,431,609,448",31.98,87.16
40,1.38,44,car,"257,437,321,468",21.48,80.83
41,1.41,19,car,"79,431,226,475",9.35,89.92
41,1.41,34,car,"400,432,455,456",25.0,91.43
41,1.41,34,car,"401,431,455,456",25.46,89.99
41,1.41,35,car,"780,424,802,439",62.5,90.37
41,1.41,40,car,"471,441,561,451",15.28,94.45
41,1.41,45,car,"569,433,599,448",45.83,86.86
42,1.45,19,car,"40,433,191,476",9.11,91.05
42,1.45,34,car,"364,437,442,459",17.63,90.08
42,1.45,35,car,"784,423,807,439",59.78,91.27
42,1.45,45,car,"511,434,568,450",24.12,105.3
42,1.45,46,car,"214,433,290,468",18.09,83.46
42,1.45,47,car,"579,430,611,446",42.97,88.23
43,1.48,19,car,"-19,435,154,479",7.95,91.35
43,1.48,34,car,"364,431,434,460",19.64,88.11
43,1.48,35,car,"780,424,808,439",49.11,93.46
43,1.48,35,car,"781,424,808,439",50.93,95.65
43,1.48,46,car,"195,431,276,470",16.98,83.75
43,1.48,48,car,"74,437,158,472",16.37,84.42
44,1.52,19,car,"-5,435,117,477",11.27,88.75
44,1.52,34,car,"349,434,419,461",19.64,86.82
44,1.52,35,car,"784,425,809,440",55.0,96.86
44,1.52,35,car,"786,425,809,440",59.78,97.67
44,1.52,46,car,"155,431,254,470",13.89,87.31
45,1.55,19,car,"0,428,68,477",20.22,88.44
45,1.55,34,car,"326,432,407,463",16.98,87.65
45,1.55,35,car,"893,419,846,442",inf,108.92
45,1.55,46,car,"142,435,234,472",14.95,87.49
45,1.55,49,car,"780,425,806,440",52.88,95.41
45,1.55,50,car,"549,428,590,448",33.54,89.77
45,1.55,51,car,"426,435,471,456",30.56,88.9
45,1.55,52,car,"602,431,635,447",41.67,92.14
46,1.59,34,car,"314,430,396,463",16.77,88.34
46,1.59,46,car,"136,431,221,473",16.18,87.35
46,1.59,49,car,"777,424,803,438",52.88,91.11
46,1.59,52,car,"587,429,618,446",44.35,97.53
47,1.62,34,car,"288,429,376,463",15.62,88.46
47,1.62,46,car,"112,429,199,472",15.8,89.06
47,1.62,49,car,"863,419,847,440",inf,109.52
47,1.62,52,car,"524,428,581,448",24.12,108.52
47,1.62,53,car,"779,423,805,438",52.88,88.87
47,1.62,54,car,"407,434,456,456",28.06,84.71
48,1.66,34,car,"267,429,357,464",15.28,89.88
48,1.66,46,car,"73,429,177,474",13.22,91.23
48,1.66,52,car,"427,438,517,455",15.28,117.5
48,1.66,53,car,"777,421,804,437",50.93,89.76
48,1.66,54,car,"398,434,449,458",26.96,86.46
48,1.66,55,car,"524,430,570,449",29.89,85.0
48,1.66,56,car,"578,428,613,445",39.29,86.57
49,1.69,34,car,"241,430,339,467",14.03,91.12
49,1.69,46,car,"54,430,156,477",13.48,91.32
49,1.69,53,car,"776,423,805,439",47.41,94.1
49,1.69,54,car,"367,434,440,460",18.84,91.43
49,1.69,56,car,"585,430,620,446",39.29,87.81
49,1.69,56,car,"586,430,620,446",40.44,88.23
49,1.69,57,car,"459,437,504,457",30.56,93.63
50,1.72,34,car,"198,430,324,470",10.91,91.28
50,1.72,46,car,"22,428,132,478",12.5,91.35
50,1.72,53,car,"830,422,853,441",59.78,92.81
50,1.72,53,car,"831,422,853,441",62.5,92.03
50,1.72,54,car,"379,434,439,459",22.92,88.98
50,1.72,56,car,"591,431,620,448",47.41,88.77
50,1.72,56,car,"592,431,620,448",49.11,89.1
50,1.72,57,car,"436,435,503,456",20.52,91.95
50,1.72,58,car,"769,422,800,440",44.35,83.21
51,1.76,34,car,"169,431,299,472",10.58,90.78
51,1.76,46,car,"11,427,104,480",14.78,90.48
51,1.76,53,car,"825,421,854,441",47.41,91.51
51,1.76,56,car,"477,430,562,450",16.18,93.37
51,1.76,56,car,"472,430,562,450",15.28,97.15
51,1.76,57,car,"420,437,491,460",19.37,89.12
51,1.76,58,car,"771,423,800,439",47.41,87.23
52,1.79,34,car,"140,427,272,472",10.42,89.18
52,1.79,46,car,"-9,427,75,481",16.37,88.83
52,1.79,53,car,"825,421,854,441",47.41,90.91
52,1.79,56,car,"333,438,410,461",17.86,101.57
52,1.79,57,car,"403,439,471,462",20.22,87.18
52,1.79,57,car,"402,439,471,462",19.93,86.02
52,1.79,58,car,"745,423,783,438",36.18,89.21
52,1.79,58,car,"743,423,783,438",34.38,90.2
52,1.79,59,car,"552,430,603,451",26.96,84.11
53,1.83,34,car,"118,430,243,476",11.0,88.1
53,1.83,57,car,"407,438,457,461",27.5,83.68
53,1.83,58,car,"751,422,785,439",40.44,90.59
53,1.83,58,car,"749,422,785,439",38.19,92.38
53,1.83,59,car,"545,430,594,451",28.06,83.33
53,1.83,60,car,"472,433,518,454",29.89,81.08
53,1.83,61,car,"347,438,403,464",24.55,80.89
54,1.86,34,car,"35,422,209,476",7.9,87.79
54,1.86,58,car,"836,422,854,440",76.39,102.76
54,1.86,58,car,"842,422,854,440",114.58,112.76
54,1.86,59,car,"575,430,608,448",41.67,90.01
54,1.86,59,car,"578,430,608,448",45.83,93.36
54,1.86,60,car,"464,431,513,453",28.06,83.83
54,1.86,61,car,"327,432,406,462",17.41,83.68
55,1.9,34,car,"30,420,171,476",9.75,87.09
55,1.9,58,car,"847,420,853,438",229.17,114.69
55,1.9,59,car,"545,430,596,447",26.96,91.77
55,1.9,61,car,"316,430,420,465",13.22,83.54
55,1.9,62,car,"780,421,811,436",44.35,85.41
56,1.93,34,car,"-24,420,131,480",8.87,87.71
56,1.93,58,car,"822,422,854,440",42.97,112.62
56,1.93,59,car,"525,431,588,450",21.83,92.16
56,1.93,61,car,"284,435,408,465",11.09,84.08
56,1.93,62,car,"736,422,777,436",33.54,101.39
56,1.93,62,car,"731,422,777,436",29.89,106.72
56,1.93,62,car,"727,422,777,436",27.5,109.38
56,1.93,63,car,"449,435,487,454",36.18,84.08
57,1.97,58,car,"729,423,777,437",28.65,125.7
57,1.97,58,car,"721,423,777,437",24.55,128.57
57,1.97,59,car,"532,432,581,451",28.06,92.17
57,1.97,61,car,"285,435,385,467",13.75,83.85
57,1.97,62,car,"719,426,769,436",27.5,105.66
57,1.97,63,car,"443,429,495,454",26.44,84.84
57,1.97,64,car,"0,424,81,480",16.98,81.81
57,1.97,65,car,"825,423,854,441",47.41,85.07
58,2.0,59,car,"515,428,578,450",21.83,88.97
58,2.0,61,car,"262,436,368,469",12.97,84.86
58,2.0,62,car,"758,422,779,436",65.48,107.2
58,2.0,62,car,"759,422,779,436",68.75,102.35
58,2.0,63,car,"434,429,494,454",22.92,85.03
58,2.0,65,car,"830,425,859,443",47.41,93.14
58,2.0,65,car,"832,425,859,443",50.93,95.83
59,2.03,59,car,"538,426,584,451",29.89,85.85
59,2.03,61,car,"213,439,342,473",10.66,86.29
59,2.03,62,car,"763,424,782,436",72.37,97.54
59,2.03,62,car,"764,424,782,436",76.39,92.74
59,2.03,63,car,"427,434,480,457",25.94,86.25
59,2.03,65,car,"768,419,822,436",25.46,103.61
59,2.03,66,car,"837,426,862,443",55.0,95.88
60,2.07,59,car,"487,429,561,452",18.58,87.88
60,2.07,61,car,"156,438,323,478",8.23,87.76
60,2.07,62,car,"763,422,784,436",65.48,92.59
60,2.07,62,car,"764,422,784,436",68.75,91.97
60,2.07,63,car,"418,430,478,456",22.92,86.22
60,2.07,65,car,"799,420,826,436",50.93,99.79
60,2.07,66,car,"840,424,864,441",57.29,91.2
61,2.1,59,car,"527,423,571,449",31.25,88.18
61,2.1,61,car,"91,434,298,479",6.64,88.66
61,2.1,62,car,"737,419,774,434",37.16,93.62
61,2.1,63,car,"408,429,461,454",25.94,87.44
61,2.1,65,car,"741,422,781,435",34.38,111.65
61,2.1,65,car,"736,423,781,435",30.56,120.27
61,2.1,65,car,"731,423,781,435",27.5,128.9
61,2.1,65,car,"726,423,781,435",25.0,132.38
61,2.1,66,car,"837,423,862,440",55.0,91.54
61,2.1,66,car,"838,423,862,440",57.29,91.71
62,2.14,59,car,"527,421,576,449",28.06,89.37
62,2.14,59,car,"528,420,576,449",28.65,89.61
62,2.14,61,car,"67,437,231,480",8.38,89.52
62,2.14,62,car,"785,419,802,433",80.88,94.21
62,2.14,63,car,"398,430,446,454",28.65,88.55
62,2.14,66,car,"834,422,864,441",45.83,91.94
62,2.14,67,car,"788,420,812,433",57.29,93.35
62,2.14,68,car,"173,431,278,469",13.1,83.05
63,2.17,59,car,"530,431,578,448",28.65,90.54
63,2.17,61,car,"-29,438,176,484",6.71,90.08
63,2.17,62,car,"810,419,818,433",171.88,100.75
63,2.17,63,car,"366,427,453,456",15.8,87.7
63,2.17,66,car,"841,423,865,439",57.29,95.02
63,2.17,66,car,"842,423,865,439",59.78,99.97
63,2.17,67,car,"749,422,782,436",41.67,99.07
63,2.17,67,car,"744,422,782,436",36.18,100.98
63,2.17,68,car,"189,435,268,471",17.41,87.08
64,2.21,59,car,"463,425,547,452",16.37,87.66
64,2.21,59,car,"459,425,547,452",15.62,86.37
64,2.21,62,car,"729,423,779,435",27.5,102.79
64,2.21,62,car,"723,423,779,435",24.55,104.82
64,2.21,62,car,"717,423,779,435",22.18,104.59
64,2.21,63,car,"382,431,430,457",28.65,90.27
64,2.21,66,car,"841,424,866,440",55.0,106.12
64,2.21,68,car,"145,437,236,473",15.11,87.38
64,2.21,69,car,"0,437,117,486",11.75,89.06
65,2.24,63,car,"367,431,422,458",25.0,89.83
65,2.24,66,car,"839,422,863,438",57.29,107.18
65,2.24,68,car,"114,434,226,474",12.28,86.28
65,2.24,69,car,"0,442,40,485",34.38,90.99
65,2.24,70,car,"790,420,814,433",57.29,99.39
65,2.24,71,car,"497,426,553,450",24.55,88.31
65,2.24,72,car,"779,421,802,433",59.78,100.23
65,2.24,73,car,"749,422,777,436",49.11,96.62
66,2.28,66,car,"841,422,863,438",62.5,120.15
66,2.28,68,car,"124,433,208,475",16.37,88.92
66,2.28,70,car,"794,420,817,433",59.78,128.82
66,2.28,71,car,"499,427,560,451",22.54,98.63
66,2.28,72,car,"785,419,806,433",65.48,132.69
66,2.28,73,car,"749,420,778,435",47.41,117.13
67,2.31,66,car,"841,424,861,439",68.75,128.93
67,2.31,68,car,"61,434,186,477",11.0,89.51
67,2.31,70,car,"808,421,824,433",85.94,141.91
67,2.31,71,car,"558,436,581,454",59.78,113.78
67,2.31,71,car,"563,437,581,454",76.39,121.36
67,2.31,72,car,"794,423,810,434",85.94,139.83
67,2.31,73,car,"737,424,766,438",47.41,124.33
67,2.31,73,car,"738,424,766,438",49.11,127.93
67,2.31,74,car,"345,432,404,461",23.31,105.3
68,2.34,66,car,"843,422,864,438",65.48,125.41
68,2.34,66,car,"843,422,864,438",65.48,119.55
68,2.34,68,car,"7,438,155,480",9.29,89.3
68,2.34,70,car,"803,419,823,432",68.75,128.21
68,2.34,72,car,"730,423,767,436",37.16,139.33
68,2.34,72,car,"724,423,767,436",31.98,139.02
68,2.34,72,car,"718,423,767,436",28.06,146.54
68,2.34,73,car,"715,416,757,437",32.74,119.43
68,2.34,74,car,"308,432,400,464",14.95,97.43
68,2.34,75,car,"497,432,551,453",25.46,83.19
68,2.34,76,car,"537,437,575,453",36.18,84.53
69,2.38,66,car,"835,421,863,440",49.11,123.79
69,2.38,68,car,"16,435,128,485",12.28,89.95
69,2.38,70,car,"781,419,812,433",44.35,130.87
69,2.38,73,car,"742,424,765,436",59.78,120.82
69,2.38,73,car,"743,424,765,436",62.5,114.01
69,2.38,74,car,"308,433,383,465",18.33,97.23
69,2.38,75,car,"478,430,536,455",23.71,93.67
70,2.41,66,car,"838,420,863,439",55.0,110.85
70,2.41,68,car,"-6,438,101,487",12.85,91.11
70,2.41,70,car,"798,418,817,431",72.37,128.95
70,2.41,73,car,"706,412,755,435",28.06,107.5
70,2.41,74,car,"294,431,367,466",18.84,95.57
70,2.41,75,car,"497,433,542,455",30.56,90.68
70,2.41,77,car,"382,431,454,460",19.1,84.74
70,2.41,78,car,"1255,473,1279,554",57.29,94.21
71,2.45,66,car,"843,423,864,438",65.48,99.76
71,2.45,66,car,"844,423,864,438",68.75,100.97
71,2.45,68,car,"-1,435,65,487",20.83,89.08
71,2.45,70,car,"781,418,807,431",52.88,123.37
71,2.45,70,car,"780,418,807,431",50.93,115.83
71,2.45,74,car,"264,435,353,468",15.45,95.83
71,2.45,75,car,"458,427,530,456",19.1,93.05
71,2.45,78,car,"1250,465,1279,550",47.41,100.83
72,2.48,66,car,"829,420,852,435",59.78,102.49
72,2.48,66,car,"827,420,852,435",55.0,99.0
72,2.48,68,car,"1,455,31,488",45.83,93.23
72,2.48,70,car,"637,413,755,431",11.65,124.29
72,2.48,74,car,"267,433,335,466",20.22,92.26
72,2.48,75,car,"492,433,534,454",32.74,94.35
72,2.48,78,car,"1247,457,1279,554",42.97,97.74
72,2.48,79,car,"157,450,181,466",57.29,103.31
72,2.48,80,car,"363,436,414,461",26.96,90.97
73,2.52,66,car,"697,416,753,431",24.55,115.64
73,2.52,66,car,"689,416,753,431",21.48,130.93
73,2.52,66,car,"680,416,753,431",18.84,146.22
73,2.52,74,car,"235,431,319,469",16.37,92.86
73,2.52,78,car,"1244,457,1279,553",39.29,95.95
73,2.52,80,car,"339,431,407,462",20.22,92.88
73,2.52,81,car,"748,417,770,430",62.5,92.29
73,2.52,82,car,"453,431,499,454",29.89,85.88
73,2.52,83,car,"836,420,858,436",62.5,92.29
74,2.55,74,car,"221,434,301,469",17.19,91.56
74,2.55,78,car,"1241,454,1279,550",36.18,94.4
74,2.55,80,car,"334,431,398,462",21.48,91.09
74,2.55,81,car,"713,415,742,428",47.41,108.91
74,2.55,81,car,"710,415,742,428",42.97,114.45
74,2.55,82,car,"445,429,513,454",20.22,86.19
74,2.55,83,car,"760,414,803,429",31.98,135.9
74,2.55,83,car,"753,413,803,429",27.5,150.44
74,2.55,83,car,"747,413,803,429",24.55,157.71
75,2.59,74,car,"196,430,285,469",15.45,90.84
75,2.59,78,car,"1235,449,1279,551",31.25,91.94
75,2.59,80,car,"319,434,380,463",22.54,89.89
75,2.59,82,car,"418,432,481,457",21.83,87.54
75,2.59,84,car,"800,416,819,429",72.37,88.71
75,2.59,85,car,"837,417,868,438",44.35,85.34
75,2.59,86,car,"787,416,808,429",65.48,87.88
75,2.59,87,car,"716,413,744,427",49.11,85.91
76,2.62,74,car,"163,435,266,470",13.35,89.23
76,2.62,78,car,"1235,451,1279,550",31.25,86.49
76,2.62,80,car,"290,428,378,465",15.62,89.66
76,2.62,82,car,"410,432,471,457",22.54,86.81
76,2.62,84,car,"805,416,825,430",68.75,88.08
76,2.62,85,car,"840,413,870,437",45.83,85.03
76,2.62,86,car,"791,416,811,429",68.75,87.74
76,2.62,87,car,"712,414,742,428",45.83,84.33
77,2.66,74,car,"147,434,246,471",13.89,88.93
77,2.66,78,car,"1228,449,1279,551",26.96,84.44
77,2.66,80,car,"273,430,361,466",15.62,88.67
77,2.66,82,car,"359,435,446,458",15.8,88.98
77,2.66,84,car,"806,416,827,430",65.48,88.16
77,2.66,86,car,"791,414,814,429",59.78,87.17
77,2.66,87,car,"712,412,745,428",41.67,83.83
78,2.69,74,car,"114,433,228,473",12.06,87.39
78,2.69,78,car,"1224,448,1279,551",25.0,85.84
78,2.69,80,car,"256,431,346,465",15.28,87.4
78,2.69,82,car,"343,434,431,460",15.62,89.37
78,2.69,84,car,"835,411,849,426",98.21,99.91
78,2.69,84,car,"836,411,849,426",105.77,106.96
78,2.69,86,car,"790,414,813,428",59.78,96.98
78,2.69,87,car,"719,416,747,430",49.11,93.53
78,2.69,88,car,"613,425,637,442",57.29,122.77
78,2.69,89,car,"614,426,641,444",50.93,118.02
79,2.72,74,car,"88,432,205,477",11.75,86.39
79,2.72,78,car,"1215,441,1279,550",21.48,84.91
79,2.72,80,car,"249,437,323,466",18.58,86.4
79,2.72,82,car,"324,435,417,464",14.78,89.25
79,2.72,84,car,"812,410,845,426",41.67,109.73
79,2.72,84,car,"810,410,845,426",39.29,112.76
79,2.72,86,car,"783,415,809,428",52.88,95.72
79,2.72,86,car,"782,415,809,428",50.93,96.29
79,2.72,87,car,"717,418,745,432",49.11,94.89
79,2.72,87,car,"719,417,745,432",52.88,97.78
79,2.72,88,car,"603,427,636,445",41.67,103.71
80,2.76,74,car,"71,433,180,479",12.61,85.63
80,2.76,78,car,"1212,444,1279,551",20.52,84.74
80,2.76,80,car,"223,431,301,466",17.63,86.14
80,2.76,82,car,"311,437,384,466",18.84,87.85
80,2.76,84,car,"909,422,871,437",inf,122.15
80,2.76,84,car,"915,423,871,437",inf,122.18
80,2.76,86,car,"795,414,814,427",72.37,96.73
80,2.76,87,car,"694,423,734,438",34.38,98.31
80,2.76,88,car,"597,425,632,445",39.29,96.18
80,2.76,90,car,"406,426,451,452",30.56,82.99
81,2.79,74,car,"41,431,157,480",11.85,84.84
81,2.79,78,car,"1209,438,1279,551",19.64,85.33
81,2.79,80,car,"258,439,368,470",12.5,85.97
81,2.79,80,car,"261,439,368,470",12.85,86.34
81,2.79,86,car,"783,416,809,428",52.88,98.33
81,2.79,86,car,"781,416,809,428",49.11,91.86
81,2.79,88,car,"592,425,630,446",36.18,92.75
81,2.79,91,car,"840,419,866,437",52.88,88.13
82,2.83,74,car,"-8,430,129,481",10.04,85.55
82,2.83,78,car,"1199,427,1279,548",17.19,85.49
82,2.83,86,car,"809,408,823,427",98.21,93.23
82,2.83,88,car,"590,423,628,445",36.18,91.82
82,2.83,91,car,"845,415,869,434",57.29,92.04
82,2.83,92,car,"207,432,343,469",10.11,82.72
82,2.83,93,car,"381,422,437,452",24.55,86.6
82,2.83,94,car,"703,418,730,434",50.93,93.69
83,2.86,74,car,"-12,424,96,479",12.73,85.37
83,2.86,78,car,"1199,422,1279,548",17.19,82.35
83,2.86,86,car,"789,415,816,427",50.93,93.07
83,2.86,86,car,"788,415,816,427",49.11,93.09
83,2.86,88,car,"583,425,618,444",39.29,83.84
83,2.86,91,car,"845,417,869,435",57.29,89.1
83,2.86,92,car,"178,428,315,472",10.04,83.25
83,2.86,93,car,"365,422,430,453",21.15,86.17
83,2.86,95,car,"312,428,379,459",20.52,81.01
84,2.9,74,car,"0,426,61,479",22.54,86.51
84,2.9,78,car,"1191,418,1279,549",15.62,83.58
84,2.9,86,car,"737,412,801,425",21.48,105.58
84,2.9,86,car,"734,411,801,425",20.52,118.08
84,2.9,86,car,"731,411,801,425",19.64,129.87
84,2.9,88,car,"577,424,617,444",34.38,87.09
84,2.9,91,car,"845,417,868,434",59.78,92.41
84,2.9,91,car,"846,417,868,434",62.5,94.39
84,2.9,92,car,"66,429,268,475",6.81,87.87
84,2.9,93,car,"360,423,416,454",24.55,89.44
84,2.9,95,car,"285,428,368,460",16.57,89.04
84,2.9,96,car,"701,414,727,428",52.88,106.42
85,2.93,74,car,"0,441,22,483",62.5,87.29
85,2.93,78,car,"1192,412,1279,549",15.8,84.0
85,2.93,88,car,"577,426,611,443",40.44,87.96
85,2.93,91,car,"743,414,801,426",23.71,103.19
85,2.93,91,car,"740,414,801,426",22.54,110.42
85,2.93,91,car,"736,414,801,426",21.15,120.19
85,2.93,92,car,"0,433,220,479",6.25,88.4
85,2.93,95,car,"261,430,345,461",16.37,89.48
85,2.93,96,car,"703,412,731,427",49.11,96.03
85,2.93,97,car,"837,413,856,425",72.37,89.74
85,2.93,98,car,"844,417,868,434",57.29,87.71
86,2.97,74,car,"0,427,181,482",7.6,86.54
86,2.97,78,car,"1190,411,1280,551",15.28,83.71
86,2.97,88,car,"568,422,606,442",36.18,88.76
86,2.97,92,car,"-37,426,182,480",6.28,88.0
86,2.97,95,car,"247,427,329,461",16.77,88.54
86,2.97,96,car,"696,415,725,431",47.41,92.0
86,2.97,97,car,"759,413,818,425",23.31,124.45
86,2.97,97,car,"752,413,818,425",20.83,136.02
86,2.97,98,car,"826,410,851,426",55.0,97.31
87,3.0,74,car,"0,433,106,485",12.97,85.3
87,3.0,78,car,"1182,414,1280,551",14.03,83.98
87,3.0,88,car,"560,428,597,445",37.16,88.85
87,3.0,95,car,"216,431,314,464",14.03,88.3
87,3.0,96,car,"703,416,729,432",52.88,93.52
87,3.0,96,car,"704,416,729,432",55.0,94.44
87,3.0,98,car,"771,415,814,427",31.98,109.43
87,3.0,99,car,"72,429,167,477",14.47,84.31
87,3.0,100,car,"838,420,862,437",57.29,97.05
88,3.03,78,car,"1182,416,1280,551",14.03,84.89
88,3.03,88,car,"546,431,590,447",31.25,92.9
88,3.03,95,car,"206,431,293,468",15.8,90.41
88,3.03,96,car,"700,418,728,435",49.11,92.65
88,3.03,96,car,"701,418,728,435",50.93,95.02
88,3.03,98,car,"849,422,862,438",105.77,114.75
88,3.03,98,car,"856,422,862,438",229.17,117.94
88,3.03,98,car,"862,423,862,438",inf,126.54
88,3.03,98,car,"869,424,862,438",inf,131.3
88,3.03,99,car,"8,430,140,476",10.42,90.14
88,3.03,99,car,"4,430,140,476",10.11,92.08
88,3.03,100,car,"900,404,901,423",1375.0,117.04
89,3.07,78,car,"1173,411,1279,549",12.97,83.4
89,3.07,88,car,"544,426,585,446",33.54,89.75
89,3.07,95,car,"171,430,277,473",12.97,88.29
89,3.07,96,car,"645,426,703,436",23.71,99.46
89,3.07,96,car,"643,426,703,436",22.92,101.06
89,3.07,101,car,"765,416,783,427",76.39,87.03
89,3.07,102,car,"801,416,819,428",76.39,87.03
89,3.07,103,car,"0,430,111,482",12.39,81.14
89,3.07,104,car,"829,417,846,429",80.88,87.44
89,3.07,105,car,"882,409,901,423",72.37,86.66
89,3.07,106,car,"841,422,863,439",62.5,85.75
90,3.1,78,car,"1170,411,1280,548",12.5,83.29
90,3.1,88,car,"539,433,577,447",36.18,90.67
90,3.1,95,car,"148,430,254,468",12.97,87.74
90,3.1,96,car,"687,418,715,433",49.11,98.83
90,3.1,96,car,"687,418,715,433",49.11,96.72
90,3.1,102,car,"791,414,815,427",57.29,93.58
90,3.1,103,car,"0,431,78,482",17.63,82.11
90,3.1,104,car,"805,411,836,427",44.35,100.27
90,3.1,105,car,"880,409,900,421",68.75,89.7
90,3.1,106,car,"841,422,864,438",59.78,87.54
90,3.1,107,car,"296,428,346,452",27.5,84.29
91,3.14,78,car,"1168,406,1279,548",12.39,83.41
91,3.14,88,car,"534,423,574,446",34.38,90.73
91,3.14,95,car,"118,429,235,469",11.75,87.41
91,3.14,96,car,"677,419,710,433",41.67,94.32
91,3.14,102,car,"731,416,784,427",25.94,102.47
91,3.14,103,car,"0,424,44,482",31.25,83.59
91,3.14,104,car,"760,416,794,427",40.44,114.01
91,3.14,104,car,"755,416,794,427",35.26,120.88
91,3.14,105,car,"884,409,902,422",76.39,91.87
91,3.14,106,car,"841,422,863,438",62.5,88.51
91,3.14,107,car,"256,424,335,451",17.41,87.26
92,3.17,78,car,"1166,406,1279,550",12.17,84.14
92,3.17,88,car,"527,429,571,447",31.25,92.91
92,3.17,95,car,"79,432,211,471",10.42,86.8
92,3.17,96,car,"677,415,714,434",37.16,93.65
92,3.17,104,car,"708,416,782,427",18.58,117.45
92,3.17,105,car,"838,422,864,438",52.88,103.12
92,3.17,105,car,"832,424,864,438",42.97,109.87
92,3.17,106,car,"734,411,795,428",22.54,102.8
92,3.17,106,car,"726,411,795,428",19.93,111.38
92,3.17,107,car,"258,425,322,452",21.48,88.48
93,3.21,78,car,"1154,402,1279,552",11.0,83.54
93,3.21,88,car,"509,426,561,449",26.44,90.71
93,3.21,95,car,"57,425,179,473",11.27,86.05
93,3.21,96,car,"670,420,704,438",40.44,92.51
93,3.21,96,car,"669,420,704,438",39.29,95.19
93,3.21,96,car,"667,421,704,438",37.16,97.88
93,3.21,105,car,"728,409,812,428",16.37,123.69
93,3.21,108,car,"880,409,898,422",76.39,98.11
93,3.21,109,car,"838,421,861,438",59.78,94.17
94,3.24,78,car,"1151,407,1279,552",10.74,83.78
94,3.24,88,car,"502,427,550,446",28.65,91.51
94,3.24,95,car,"17,430,154,474",10.04,85.83
94,3.24,96,car,"617,422,689,435",19.1,100.76
94,3.24,96,car,"615,423,689,435",18.58,100.18
94,3.24,96,car,"613,423,689,435",18.09,100.08
94,3.24,105,car,"739,414,777,426",36.18,134.56
94,3.24,105,car,"733,414,777,426",31.25,144.73
94,3.24,105,car,"727,414,777,426",27.5,146.77
94,3.24,105,car,"721,414,777,426",24.55,148.81
94,3.24,105,car,"714,414,777,426",21.83,147.07
94,3.24,109,car,"840,420,860,434",68.75,102.83
94,3.24,109,car,"841,421,860,434",72.37,105.72
94,3.24,109,car,"841,421,860,434",72.37,107.16
94,3.24,110,car,"224,427,285,456",22.54,86.81
95,3.28,78,car,"1144,410,1279,558",10.19,83.52
95,3.28,88,car,"491,425,547,449",24.55,90.29
95,3.28,95,car,"-11,433,126,479",10.04,84.95
95,3.28,105,car,"577,418,694,435",11.75,136.63
95,3.28,109,car,"735,414,771,426",38.19,106.9
95,3.28,109,car,"732,414,771,426",35.26,109.24
95,3.28,110,car,"196,429,272,458",18.09,86.63
95,3.28,111,car,"766,415,786,427",68.75,95.26
95,3.28,112,car,"833,416,850,428",80.88,97.95
95,3.28,113,car,"839,420,860,436",65.48,94.53
96,3.31,78,car,"1143,408,1279,560",10.11,83.37
96,3.31,88,car,"483,431,535,452",26.44,90.15
96,3.31,95,car,"0,430,93,482",14.78,84.59
96,3.31,109,car,"619,424,690,436",19.37,110.56
96,3.31,109,car,"615,424,690,436",18.33,111.88
96,3.31,110,car,"85,429,206,459",11.36,95.4
96,3.31,111,car,"746,416,771,427",55.0,97.65
96,3.31,111,car,"744,416,771,427",50.93,98.45
96,3.31,112,car,"840,420,860,437",68.75,99.83
96,3.31,113,car,"892,403,891,423",inf,122.69
97,3.34,78,car,"1144,407,1279,560",10.19,82.5
97,3.34,88,car,"475,428,530,452",25.0,87.95
97,3.34,95,car,"0,432,53,484",25.94,84.94
97,3.34,111,car,"748,416,776,430",49.11,100.58
97,3.34,111,car,"746,416,776,430",45.83,101.85
97,3.34,112,car,"835,422,858,438",59.78,98.37
97,3.34,112,car,"835,422,858,438",59.78,97.64
97,3.34,114,car,"131,433,183,465",26.44,86.72
97,3.34,115,car,"661,422,688,439",50.93,92.95
98,3.38,78,car,"1139,409,1279,561",9.82,82.06
98,3.38,111,car,"740,418,769,430",47.41,107.1
98,3.38,111,car,"736,418,769,430",41.67,111.38
98,3.38,111,car,"732,418,769,430",37.16,115.67
98,3.38,112,car,"834,421,857,439",59.78,95.92
98,3.38,114,car,"95,431,195,468",13.75,87.47
98,3.38,115,car,"648,421,680,437",42.97,88.5
98,3.38,115,car,"647,421,680,437",41.67,87.02
99,3.41,78,car,"1126,410,1280,561",8.93,81.61
99,3.41,111,car,"745,419,773,432",49.11,112.81
99,3.41,111,car,"744,419,773,432",47.41,109.95
99,3.41,112,car,"839,422,857,438",76.39,96.41
99,3.41,112,car,"840,423,857,438",80.88,96.14
99,3.41,112,car,"841,423,857,438",85.94,97.13
99,3.41,114,car,"64,431,176,473",12.28,87.43
99,3.41,115,car,"664,426,680,439",85.94,88.81
99,3.41,115,car,"665,427,680,439",91.67,89.89
100,3.45,78,car,"1126,408,1280,559",8.93,82.19
100,3.45,111,car,"746,418,772,431",52.88,108.04
100,3.45,111,car,"745,418,772,431",50.93,106.13
100,3.45,112,car,"835,421,856,437",65.48,100.93
100,3.45,112,car,"835,421,856,437",65.48,106.01
100,3.45,114,car,"36,433,144,473",12.73,87.99
100,3.45,115,car,"660,423,676,437",85.94,93.84
100,3.45,115,car,"660,423,676,437",85.94,99.58
100,3.45,116,car,"441,434,513,465",19.1,89.21
101,3.48,78,car,"1119,407,1280,554",8.54,82.69
101,3.48,111,car,"733,416,761,429",49.11,104.94
101,3.48,111,car,"732,416,761,429",47.41,109.51
101,3.48,112,car,"834,419,855,436",65.48,109.32
101,3.48,112,car,"835,420,855,436",68.75,112.64
101,3.48,114,car,"-56,439,66,474",11.27,92.52
101,3.48,115,car,"641,418,672,438",44.35,103.49
101,3.48,116,car,"414,435,500,463",15.99,90.66
102,3.52,78,car,"1122,404,1280,554",8.7,82.8
102,3.52,111,car,"728,415,758,428",45.83,113.76
102,3.52,111,car,"726,415,758,428",42.97,114.16
102,3.52,112,car,"832,420,853,435",65.48,114.45
102,3.52,115,car,"643,421,669,438",52.88,105.6
102,3.52,116,car,"403,431,489,462",15.99,90.18
103,3.55,78,car,"1116,402,1279,551",8.44,83.17
103,3.55,111,car,"820,413,786,427",inf,118.26
103,3.55,112,car,"825,417,847,436",62.5,113.3
103,3.55,112,car,"825,418,847,436",62.5,112.14
103,3.55,112,car,"826,418,847,436",65.48,110.5
103,3.55,115,car,"638,419,668,439",45.83,106.64
103,3.55,117,car,"718,416,739,427",65.48,105.73
103,3.55,118,car,"750,416,771,427",65.48,105.73
104,3.59,78,car,"1119,410,1280,552",8.54,84.38
104,3.59,111,car,"828,418,847,432",72.37,123.99
104,3.59,111,car,"827,419,847,432",68.75,129.73
104,3.59,112,car,"740,412,772,424",42.97,114.58
104,3.59,112,car,"735,412,772,424",37.16,120.15
104,3.59,112,car,"731,412,772,424",33.54,125.88
104,3.59,112,car,"726,412,772,424",29.89,131.6
104,3.59,115,car,"621,414,657,436",38.19,106.91
104,3.59,117,car,"731,411,750,424",72.37,119.91
104,3.59,117,car,"732,410,750,424",76.39,124.64
104,3.59,118,car,"768,411,788,425",68.75,118.48
104,3.59,119,car,"414,431,471,457",24.12,98.42
105,3.62,78,car,"1109,404,1280,553",8.04,84.3
105,3.62,111,car,"828,420,845,431",80.88,132.58
105,3.62,111,car,"828,421,845,431",80.88,135.43
105,3.62,111,car,"828,422,845,431",80.88,134.58
105,3.62,111,car,"828,423,845,431",80.88,131.38
105,3.62,112,car,"541,413,674,431",10.34,132.62
105,3.62,117,car,"756,411,774,423",76.39,130.18
105,3.62,117,car,"761,410,774,423",105.77,133.51
105,3.62,117,car,"766,410,774,423",171.88,141.72
105,3.62,118,car,"801,412,809,424",171.88,122.8
105,3.62,118,car,"803,412,809,424",229.17,124.96
105,3.62,119,car,"365,425,463,458",14.03,95.34
105,3.62,120,car,"331,435,431,462",13.75,86.62
106,3.66,78,car,"1107,403,1280,551",7.95,84.48
106,3.66,117,car,"748,410,779,424",44.35,140.52
106,3.66,117,car,"742,410,779,424",37.16,139.31
106,3.66,117,car,"735,410,779,424",31.25,135.56
106,3.66,117,car,"729,410,779,424",27.5,131.82
106,3.66,118,car,"828,417,845,431",80.88,127.02
106,3.66,118,car,"828,417,845,431",80.88,132.93
106,3.66,119,car,"384,430,455,459",19.37,94.49
106,3.66,120,car,"307,437,390,466",16.57,87.34
106,3.66,121,car,"722,411,745,423",59.78,120.48
107,3.69,78,car,"1105,402,1279,552",7.9,84.42
107,3.69,117,car,"537,419,657,437",11.46,125.4
107,3.69,118,car,"829,418,844,432",91.67,133.5
107,3.69,118,car,"831,419,844,432",105.77,134.03
107,3.69,118,car,"833,420,844,432",125.0,134.56
107,3.69,118,car,"836,420,844,432",171.88,134.32
107,3.69,119,car,"332,428,445,460",12.17,92.93
107,3.69,120,car,"218,436,363,465",9.48,89.36
107,3.69,121,car,"758,412,774,424",85.94,130.62
107,3.69,121,car,"761,412,774,424",105.77,134.0
107,3.69,121,car,"765,412,774,424",152.78,135.69
108,3.72,78,car,"1104,397,1279,553",7.86,84.39
108,3.72,119,car,"307,434,437,465",10.58,91.52
108,3.72,120,car,"203,440,345,468",9.68,88.83
108,3.72,121,car,"825,423,842,434",80.88,132.94
108,3.72,121,car,"826,424,842,434",85.94,133.24
108,3.72,121,car,"827,424,842,434",91.67,129.48
108,3.72,121,car,"828,425,842,434",98.21,125.73
108,3.72,121,car,"829,426,842,434",105.77,121.97
108,3.72,121,car,"830,427,842,434",114.58,121.97
108,3.72,122,car,"708,412,729,423",65.48,108.44
108,3.72,123,car,"625,416,654,438",47.41,100.6
108,3.72,124,car,"750,411,771,423",65.48,108.44
109,3.76,78,car,"1100,411,1279,554",7.68,83.97
109,3.76,120,car,"156,441,298,473",9.68,89.4
109,3.76,121,car,"809,423,841,435",42.97,122.86
109,3.76,121,car,"807,424,841,435",40.44,123.76
109,3.76,122,car,"701,414,721,424",68.75,114.79
109,3.76,123,car,"616,419,646,440",45.83,105.38
109,3.76,125,car,"106,433,307,475",6.84,83.15
109,3.76,126,car,"803,413,819,425",85.94,119.53
110,3.79,78,car,"1088,405,1279,555",7.2,83.74
110,3.79,120,car,"105,436,273,473",8.18,89.66
110,3.79,121,car,"817,419,838,436",65.48,121.84
110,3.79,121,car,"817,420,838,436",65.48,119.91
110,3.79,121,car,"817,421,838,436",65.48,117.99
110,3.79,122,car,"702,417,725,427",59.78,113.35
110,3.79,123,car,"613,420,644,439",44.35,104.56
110,3.79,126,car,"737,412,767,425",45.83,135.97
110,3.79,126,car,"731,412,767,425",38.19,141.45
111,3.83,78,car,"1082,407,1279,553",6.98,83.76
111,3.83,120,car,"47,440,229,479",7.55,89.94
111,3.83,121,car,"817,418,836,435",72.37,118.46
111,3.83,121,car,"817,418,836,435",72.37,118.93
111,3.83,121,car,"817,419,836,435",72.37,122.22
111,3.83,121,car,"818,419,836,435",76.39,125.51
111,3.83,122,car,"700,413,724,426",57.29,115.79
111,3.83,123,car,"607,415,644,442",37.16,105.31
111,3.83,127,car,"336,426,405,460",19.93,94.34
112,3.86,78,car,"1087,407,1279,551",7.16,84.7
112,3.86,120,car,"-24,438,175,482",6.91,89.36
112,3.86,121,car,"674,406,798,427",11.09,133.42
112,3.86,122,car,"689,412,717,425",49.11,120.51
112,3.86,127,car,"321,426,395,459",18.58,96.93
112,3.86,128,car,"809,416,829,432",68.75,151.98
112,3.86,129,car,"799,414,817,427",76.39,159.97
112,3.86,130,car,"813,418,835,435",62.5,145.43
113,3.9,78,car,"1086,404,1279,551",7.12,84.87
113,3.9,120,car,"-7,440,105,491",12.28,89.47
113,3.9,122,car,"711,416,725,426",98.21,124.02
113,3.9,127,car,"303,426,381,462",17.63,95.18
113,3.9,128,car,"807,417,827,432",68.75,137.79
113,3.9,130,car,"816,419,838,436",62.5,132.57
114,3.93,78,car,"1087,401,1271,547",7.47,85.1
114,3.93,122,car,"701,413,727,426",52.88,125.54
114,3.93,127,car,"291,426,366,461",18.33,95.76
114,3.93,128,car,"729,411,789,425",22.92,149.42
114,3.93,130,car,"815,417,836,434",65.48,137.22
114,3.93,130,car,"816,417,836,434",68.75,139.55
114,3.93,130,car,"816,417,836,434",68.75,140.94
114,3.93,131,car,"605,419,630,442",55.0,129.89
115,3.97,78,car,"1082,403,1276,546",7.09,85.71
115,3.97,122,car,"689,413,719,425",45.83,128.36
115,3.97,127,car,"234,437,344,464",12.5,97.2
115,3.97,128,car,"759,410,784,423",55.0,145.29
115,3.97,130,car,"819,419,835,432",85.94,139.73
115,3.97,130,car,"820,420,835,432",91.67,143.67
115,3.97,130,car,"820,421,835,432",91.67,142.24
115,3.97,130,car,"821,421,835,432",98.21,140.81
115,3.97,131,car,"603,417,629,440",52.88,125.03
116,4.0,78,car,"1072,397,1274,540",6.81,85.73
116,4.0,128,car,"802,412,809,426",196.43,153.08
116,4.0,128,car,"806,412,809,426",458.33,159.53
116,4.0,130,car,"860,410,843,425",inf,145.74
116,4.0,130,car,"863,409,843,425",inf,152.1
116,4.0,130,car,"866,409,843,425",inf,158.46
116,4.0,131,car,"593,419,623,443",45.83,125.65
116,4.0,132,car,"277,428,338,463",22.54,100.18
116,4.0,133,car,"739,411,760,422",65.48,138.62
117,4.03,78,car,"1069,395,1274,541",6.71,85.1
117,4.03,128,car,"783,414,813,428",45.83,160.16
117,4.03,128,car,"781,414,813,428",42.97,150.99
117,4.03,128,car,"779,414,813,428",40.44,149.76
117,4.03,131,car,"588,419,619,442",44.35,123.17
117,4.03,132,car,"262,428,320,460",23.71,98.65
117,4.03,133,car,"743,412,764,423",65.48,133.19
117,4.03,133,car,"743,412,764,423",65.48,131.38
117,4.03,134,car,"680,414,701,425",65.48,129.2
118,4.07,78,car,"1068,398,1279,541",6.52,86.22
118,4.07,128,car,"828,412,846,425",76.39,150.02
118,4.07,128,car,"828,412,846,425",76.39,150.27
118,4.07,128,car,"828,413,846,425",76.39,162.02
118,4.07,128,car,"828,413,846,425",76.39,173.76
118,4.07,131,car,"581,414,617,443",38.19,125.98
118,4.07,133,car,"744,411,765,424",65.48,142.44
118,4.07,134,car,"711,412,720,425",152.78,161.11
118,4.07,135,car,"190,429,301,471",12.39,97.89
118,4.07,136,car,"804,412,823,427",72.37,184.5
119,4.1,78,car,"1070,400,1279,544",6.58,87.16
119,4.1,128,car,"822,419,841,433",72.37,189.27
119,4.1,133,car,"817,414,792,425",inf,169.28
119,4.1,133,car,"822,414,792,425",inf,196.88
119,4.1,134,car,"755,414,761,426",229.17,199.03
119,4.1,134,car,"760,414,761,426",1375.0,217.99
119,4.1,135,car,"190,432,276,469",15.99,102.22
119,4.1,136,car,"817,422,830,433",105.77,197.44
119,4.1,136,car,"818,423,830,433",114.58,201.76
119,4.1,136,car,"818,424,830,433",114.58,203.91
120,4.14,78,car,"1070,402,1279,544",6.58,88.85
120,4.14,128,car,"800,420,829,435",47.41,195.13
120,4.14,128,car,"798,420,829,435",44.35,200.99
120,4.14,134,car,"829,420,839,435",137.5,234.93
120,4.14,134,car,"833,421,839,435",229.17,269.62
120,4.14,135,car,"154,436,247,469",14.78,105.0
120,4.14,137,car,"580,419,608,449",49.11,184.76
120,4.14,138,car,"747,415,764,428",80.88,252.55
121,4.17,78,car,"1066,402,1279,544",6.46,90.55
121,4.17,128,car,"813,422,830,437",80.88,214.89
121,4.17,128,car,"814,423,830,437",85.94,228.79
121,4.17,138,car,"738,415,750,427",114.58,241.65
122,4.21,78,car,"1058,404,1279,543",6.22,91.6
122,4.21,128,car,"807,420,827,437",68.75,230.01
122,4.21,128,car,"807,420,827,437",68.75,229.14
122,4.21,138,car,"735,417,756,428",65.48,233.86
122,4.21,138,car,"736,417,756,428",68.75,229.96
123,4.24,78,car,"1062,404,1279,541",6.34,91.42
123,4.24,128,car,"810,422,828,437",76.39,222.82
123,4.24,128,car,"810,422,828,437",76.39,208.46
123,4.24,138,car,"734,417,751,428",80.88,221.14
124,4.28,78,car,"1055,397,1280,541",6.11,90.02
124,4.28,128,car,"810,420,830,437",68.75,185.15
124,4.28,128,car,"810,420,830,437",68.75,170.76
124,4.28,138,car,"730,415,750,427",68.75,198.33
125,4.31,78,car,"1051,399,1279,541",6.03,87.94
125,4.31,128,car,"810,421,829,438",72.37,155.77
125,4.31,128,car,"810,421,829,438",72.37,146.22
125,4.31,138,car,"726,418,747,430",65.48,178.02
126,4.34,78,car,"1049,411,1279,539",5.98,86.97
126,4.34,128,car,"810,419,830,437",68.75,145.13
126,4.34,128,car,"810,419,830,437",68.75,152.98
126,4.34,138,car,"718,416,741,428",59.78,169.08
127,4.38,78,car,"1044,411,1279,541",5.85,85.75
127,4.38,128,car,"811,420,831,437",68.75,152.22
127,4.38,128,car,"811,420,831,437",68.75,152.06
127,4.38,138,car,"716,416,738,428",62.5,150.8
128,4.41,78,car,"1055,397,1280,541",6.11,84.9
128,4.41,128,car,"811,419,830,436",72.37,155.49
128,4.41,128,car,"811,420,830,436",72.37,150.47
128,4.41,138,car,"720,416,739,428",72.37,144.93
129,4.45,78,car,"1053,398,1279,540",6.08,84.69
129,4.45,128,car,"810,420,829,437",72.37,138.57
129,4.45,128,car,"810,420,829,437",72.37,135.29
129,4.45,128,car,"810,420,829,437",72.37,132.02
130,4.48,78,car,"1051,403,1279,541",6.03,84.5
130,4.48,128,car,"810,420,830,436",68.75,124.82
130,4.48,128,car,"810,420,830,436",68.75,117.62
130,4.48,139,car,"712,417,731,427",72.37,116.76
131,4.52,78,car,"1044,403,1279,544",5.85,83.96
131,4.52,128,car,"812,420,831,437",72.37,128.49
131,4.52,128,car,"813,420,831,437",76.39,139.36
132,4.55,78,car,"1041,401,1279,545",5.78,84.49
132,4.55,128,car,"812,420,832,438",68.75,145.34
132,4.55,128,car,"812,420,832,438",68.75,151.65
132,4.55,128,car,"813,420,832,438",72.37,157.96
133,4.59,78,car,"1042,404,1274,545",5.93,84.62
133,4.59,128,car,"814,424,831,439",80.88,152.95
133,4.59,128,car,"814,424,831,439",80.88,147.93
134,4.62,78,car,"1042,410,1270,541",6.03,85.38
134,4.62,128,car,"809,422,829,440",68.75,148.68
134,4.62,128,car,"809,422,829,440",68.75,149.42
135,4.66,78,car,"1034,408,1275,541",5.71,85.97
135,4.66,128,car,"807,422,829,440",62.5,149.95
135,4.66,128,car,"807,422,829,440",62.5,150.61
136,4.69,78,car,"1033,407,1272,540",5.75,85.19
136,4.69,128,car,"806,424,828,441",62.5,143.74
136,4.69,128,car,"806,424,828,441",62.5,135.99
136,4.69,140,car,"497,427,526,448",47.41,101.75
137,4.72,78,car,"1038,403,1271,537",5.9,84.55
137,4.72,128,car,"808,423,829,441",65.48,129.41
137,4.72,128,car,"809,424,829,441",68.75,123.06
137,4.72,140,car,"491,427,521,447",45.83,100.95
138,4.76,78,car,"1040,407,1258,536",6.31,85.05
138,4.76,128,car,"807,424,828,440",65.48,124.97
138,4.76,128,car,"807,424,828,440",65.48,134.42
138,4.76,140,car,"479,425,519,446",34.38,105.61
139,4.79,78,car,"1033,408,1249,538",6.37,84.76
139,4.79,128,car,"805,422,826,440",65.48,140.22
139,4.79,128,car,"805,422,826,440",65.48,144.86
139,4.79,140,car,"474,424,510,445",38.19,106.44
140,4.83,78,car,"1034,406,1252,539",6.31,84.5
140,4.83,128,car,"808,423,827,439",72.37,145.58
140,4.83,128,car,"808,423,827,439",72.37,138.03
140,4.83,140,car,"468,427,506,446",36.18,107.89
141,4.86,78,car,"1036,405,1251,537",6.4,84.74
141,4.86,128,car,"805,424,825,440",68.75,129.74
141,4.86,128,car,"806,424,825,440",72.37,125.08
141,4.86,140,car,"461,428,502,447",33.54,105.85
142,4.9,78,car,"1028,407,1249,537",6.22,84.74
142,4.9,128,car,"728,422,776,435",28.65,131.48
142,4.9,128,car,"721,422,776,435",25.0,141.8
142,4.9,140,car,"458,429,501,447",31.98,105.27
143,4.93,78,car,"1030,407,1249,537",6.28,83.67
143,4.93,128,car,"843,426,826,439",inf,151.69
143,4.93,128,car,"850,426,826,439",inf,162.32
143,4.93,128,car,"858,427,826,439",inf,172.96
143,4.93,140,car,"450,429,497,448",29.26,101.21
143,4.93,141,car,"807,423,827,438",68.75,102.78
144,4.97,78,car,"1025,404,1239,533",6.43,83.53
144,4.97,140,car,"440,430,490,448",27.5,99.04
144,4.97,141,car,"804,422,826,438",62.5,123.51
144,4.97,141,car,"804,422,826,438",62.5,130.42
144,4.97,141,car,"804,422,826,438",62.5,133.88
145,5.0,78,car,"1023,409,1233,531",6.55,83.77
145,5.0,140,car,"441,432,479,449",36.18,98.62
145,5.0,141,car,"672,423,776,435",13.22,128.5
145,5.0,142,car,"806,423,826,438",68.75,139.4
145,5.0,143,car,"353,429,420,466",20.52,97.73
145,5.0,144,car,"773,422,792,436",72.37,142.52
146,5.03,78,car,"1022,403,1218,525",7.02,84.38
146,5.03,140,car,"433,427,476,447",31.98,101.93
146,5.03,141,car,"670,416,710,428",34.38,134.91
146,5.03,142,car,"805,421,826,438",65.48,142.69
146,5.03,142,car,"805,421,826,438",65.48,143.79
146,5.03,143,car,"311,425,399,466",15.62,96.76
147,5.07,78,car,"1018,403,1210,523",7.16,84.69
147,5.07,140,car,"428,427,471,446",31.98,102.36
147,5.07,142,car,"797,419,822,437",55.0,138.54
147,5.07,143,car,"271,423,372,469",13.61,93.34
147,5.07,145,car,"603,425,623,438",68.75,129.59
148,5.1,78,car,"1013,403,1225,525",6.49,84.31
148,5.1,140,car,"418,426,462,447",31.25,99.78
148,5.1,140,car,"417,426,462,447",30.56,96.51
148,5.1,142,car,"801,421,822,436",65.48,129.07
148,5.1,143,car,"235,424,354,471",11.55,92.96
149,5.14,78,car,"1015,406,1224,527",6.58,83.69
149,5.14,140,car,"410,426,461,448",26.96,91.04
149,5.14,143,car,"200,425,331,472",10.5,93.07
150,5.17,78,car,"1018,406,1225,525",6.64,82.88
150,5.17,140,car,"404,428,454,449",27.5,85.89
150,5.17,143,car,"167,422,306,477",9.89,91.49
150,5.17,146,car,"590,423,615,440",55.0,89.26
150,5.17,147,car,"599,422,625,437",52.88,88.9
151,5.21,78,car,"1016,409,1222,526",6.67,81.99
151,5.21,140,car,"398,429,438,449",34.38,83.62
151,5.21,140,car,"397,429,438,449",33.54,84.87
151,5.21,143,car,"118,427,285,485",8.23,89.96
151,5.21,146,car,"583,427,610,442",50.93,89.32
151,5.21,148,car,"807,421,828,438",65.48,101.94
152,5.24,78,car,"1015,410,1217,526",6.81,82.09
152,5.24,140,car,"376,427,440,452",21.48,87.0
152,5.24,143,car,"76,427,256,489",7.64,89.43
152,5.24,148,car,"807,420,828,438",65.48,116.85
153,5.28,78,car,"1010,407,1218,525",6.61,82.68
153,5.28,140,car,"371,429,434,453",21.83,88.02
153,5.28,148,car,"809,422,831,439",62.5,120.16
153,5.28,148,car,"810,422,831,439",65.48,121.81
153,5.28,149,car,"576,426,605,443",47.41,107.29
153,5.28,150,car,"750,422,771,435",65.48,117.68
154,5.31,78,car,"1004,405,1212,522",6.61,83.75
154,5.31,140,car,"377,430,427,454",27.5,94.08
154,5.31,148,car,"808,419,830,437",62.5,128.17
154,5.31,149,car,"570,426,601,445",44.35,116.99
154,5.31,151,car,"9,424,180,502",8.04,89.51
155,5.34,78,car,"1006,403,1200,518",7.09,84.89
155,5.34,140,car,"363,428,416,453",25.94,96.93
155,5.34,148,car,"793,421,819,436",52.88,134.81
155,5.34,149,car,"570,428,600,444",45.83,121.07
155,5.34,151,car,"0,421,128,506",10.74,88.83
156,5.38,78,car,"1003,406,1206,519",6.77,85.5
156,5.38,140,car,"347,430,406,455",23.31,97.98
156,5.38,148,car,"812,422,829,437",80.88,139.46
156,5.38,148,car,"814,422,829,437",91.67,145.11
156,5.38,149,car,"561,428,590,444",47.41,119.11
156,5.38,151,car,"-4,410,67,503",19.37,90.7
157,5.41,78,car,"1005,406,1202,520",6.98,85.09
157,5.41,140,car,"345,430,395,453",27.5,97.16
157,5.41,148,car,"816,421,828,437",114.58,146.09
157,5.41,148,car,"818,421,828,437",137.5,141.71
157,5.41,149,car,"570,426,605,444",39.29,115.26
157,5.41,152,car,"753,422,771,433",76.39,112.93
158,5.45,78,car,"1002,407,1201,518",6.91,85.6
158,5.45,140,car,"326,428,389,457",21.83,97.77
158,5.45,148,car,"811,422,828,438",80.88,145.82
158,5.45,148,car,"812,422,828,438",85.94,145.94
158,5.45,149,car,"554,428,601,447",29.26,114.15
159,5.48,78,car,"1002,408,1199,518",6.98,85.02
159,5.48,140,car,"303,428,376,457",18.84,91.66
159,5.48,148,car,"812,422,829,438",80.88,142.68
159,5.48,148,car,"814,422,829,438",91.67,144.1
159,5.48,149,car,"560,428,601,446",33.54,108.91
160,5.52,78,car,"1004,409,1200,517",7.02,84.05
160,5.52,140,car,"299,429,367,458",20.22,87.63
160,5.52,148,car,"812,421,828,439",85.94,142.31
160,5.52,148,car,"814,421,828,439",98.21,135.71
160,5.52,149,car,"572,431,600,446",49.11,103.33
161,5.55,78,car,"1002,406,1198,518",7.02,83.72
161,5.55,140,car,"274,427,355,459",16.98,86.04
161,5.55,148,car,"809,420,827,439",76.39,131.19
161,5.55,148,car,"811,420,827,439",85.94,130.05
161,5.55,149,car,"520,427,577,447",24.12,99.25
162,5.59,78,car,"1004,409,1192,520",7.31,83.26
162,5.59,140,car,"275,429,346,460",19.37,84.81
162,5.59,148,car,"788,426,811,437",59.78,120.02
162,5.59,149,car,"535,426,583,447",28.65,95.54
163,5.62,78,car,"996,406,1183,516",7.35,82.29
163,5.62,140,car,"259,430,329,462",19.64,83.67
163,5.62,148,car,"798,424,816,437",76.39,115.16
163,5.62,149,car,"529,426,576,447",29.26,92.04
164,5.66,78,car,"994,405,1178,516",7.47,81.88
164,5.66,140,car,"234,428,320,462",15.99,84.96
164,5.66,148,car,"797,420,816,437",72.37,110.95
164,5.66,149,car,"513,428,563,450",27.5,89.91
165,5.69,78,car,"993,408,1173,514",7.64,81.97
165,5.69,140,car,"212,433,306,463",14.63,85.48
165,5.69,148,car,"778,423,797,435",72.37,103.07
165,5.69,148,car,"775,423,797,435",62.5,95.2
165,5.69,149,car,"512,429,561,451",28.06,87.37
165,5.69,153,car,"708,425,727,436",72.37,108.62
166,5.72,78,car,"996,406,1176,515",7.64,81.91
166,5.72,140,car,"202,430,293,464",15.11,84.58
166,5.72,148,car,"781,422,799,436",76.39,94.48
166,5.72,148,car,"779,422,799,436",68.75,91.81
166,5.72,149,car,"494,429,554,454",22.92,85.27
166,5.72,154,car,"612,428,640,442",49.11,99.78
167,5.76,78,car,"990,408,1177,517",7.35,82.3
167,5.76,140,car,"186,432,281,467",14.47,84.89
167,5.76,148,car,"770,423,792,435",62.5,91.37
167,5.76,148,car,"767,423,792,435",55.0,92.53
167,5.76,149,car,"496,428,542,450",29.89,87.24
168,5.79,78,car,"989,409,1174,517",7.43,82.35
168,5.79,140,car,"160,430,253,469",14.78,85.11
168,5.79,148,car,"773,424,791,437",76.39,93.54
168,5.79,148,car,"771,424,791,437",68.75,96.27
168,5.79,149,car,"480,430,532,454",26.44,87.48
169,5.83,78,car,"988,410,1173,516",7.43,82.07
169,5.83,140,car,"129,430,233,471",13.22,85.41
169,5.83,148,car,"771,425,793,437",62.5,100.04
169,5.83,148,car,"769,425,793,437",57.29,100.92
169,5.83,149,car,"474,432,522,457",28.65,86.36
169,5.83,155,car,"608,429,633,442",55.0,84.61
170,5.86,78,car,"981,412,1172,516",7.2,81.76
170,5.86,140,car,"122,433,217,474",14.47,85.27
170,5.86,148,car,"802,426,813,440",125.0,104.74
170,5.86,149,car,"456,435,514,455",23.71,85.77
170,5.86,155,car,"605,432,632,445",50.93,86.82
170,5.86,156,car,"547,434,577,449",45.83,92.65
171,5.9,78,car,"980,411,1166,515",7.39,81.39
171,5.9,140,car,"97,436,198,475",13.61,86.17
171,5.9,148,car,"769,425,789,438",68.75,106.74
171,5.9,148,car,"766,426,789,438",59.78,108.73
171,5.9,149,car,"455,432,509,461",25.46,85.79
171,5.9,156,car,"544,434,583,451",35.26,89.55
172,5.93,78,car,"984,410,1164,513",7.64,81.36
172,5.93,140,car,"67,436,184,476",11.75,86.6
172,5.93,148,car,"796,424,809,440",105.77,112.18
172,5.93,149,car,"441,434,504,462",21.83,84.37
172,5.93,156,car,"544,430,586,450",32.74,89.46
173,5.97,78,car,"982,409,1163,514",7.6,81.75
173,5.97,140,car,"55,432,164,478",12.61,85.24
173,5.97,148,car,"791,423,811,440",68.75,113.18
173,5.97,149,car,"418,437,495,465",17.86,84.14
173,5.97,156,car,"533,428,583,450",27.5,88.88
173,5.97,157,car,"593,431,621,445",49.11,100.51
174,6.0,78,car,"984,409,1157,514",7.95,81.84
174,6.0,140,car,"32,432,135,478",13.35,84.56
174,6.0,148,car,"771,425,793,438",62.5,111.61
174,6.0,148,car,"768,425,793,438",55.0,112.02
174,6.0,149,car,"404,437,482,466",17.63,84.72
174,6.0,157,car,"575,431,607,446",42.97,99.13
175,6.03,78,car,"986,413,1153,514",8.23,82.0
175,6.03,140,car,"-16,431,112,478",10.74,85.85
175,6.03,148,car,"802,425,810,441",171.88,111.37
175,6.03,149,car,"387,437,473,469",15.99,84.68
175,6.03,157,car,"513,432,563,451",27.5,110.28
175,6.03,157,car,"505,432,563,451",23.71,115.85
175,6.03,158,car,"683,426,703,439",68.75,93.49
176,6.07,78,car,"981,413,1152,515",8.04,81.95
176,6.07,148,car,"776,426,800,440",57.29,104.19
176,6.07,149,car,"357,435,466,470",12.61,85.51
176,6.07,159,car,"436,427,481,457",30.56,85.39
176,6.07,160,car,"572,430,601,446",47.41,88.37
177,6.1,78,car,"981,411,1152,515",8.04,81.93
177,6.1,148,car,"780,424,800,439",68.75,103.01
177,6.1,149,car,"331,434,445,470",12.06,85.76
177,6.1,160,car,"577,430,606,444",47.41,95.28
177,6.1,161,car,"0,429,50,481",27.5,88.92
178,6.14,78,car,"977,411,1151,515",7.9,81.63
178,6.14,148,car,"772,424,797,440",55.0,99.04
178,6.14,149,car,"306,437,425,474",11.55,85.97
178,6.14,160,car,"548,431,591,447",31.98,92.53
178,6.14,162,car,"413,427,465,458",26.44,87.41
179,6.17,78,car,"972,413,1147,515",7.86,81.82
179,6.17,148,car,"778,426,797,440",72.37,98.27
179,6.17,149,car,"292,435,407,475",11.96,85.09
179,6.17,160,car,"544,429,587,447",31.98,90.6
179,6.17,162,car,"404,430,443,462",35.26,87.54
180,6.21,78,car,"973,417,1143,514",8.09,82.17
180,6.21,148,car,"813,424,824,442",125.0,104.8
180,6.21,149,car,"248,432,394,477",9.42,84.99
180,6.21,160,car,"532,429,579,447",29.26,89.96
180,6.21,162,car,"374,428,437,462",21.83,86.37
180,6.21,162,car,"371,428,437,462",20.83,85.78
181,6.24,78,car,"971,410,1141,511",8.09,82.47
181,6.24,149,car,"217,433,358,477",9.75,85.1
181,6.24,160,car,"527,430,574,448",29.26,90.1
181,6.24,162,car,"352,430,422,464",19.64,86.09
182,6.28,78,car,"969,413,1138,512",8.14,82.54
182,6.28,149,car,"158,436,328,485",8.09,85.91
182,6.28,160,car,"527,430,572,450",30.56,87.82
182,6.28,162,car,"343,432,410,465",20.52,85.13
182,6.28,163,car,"799,426,823,444",57.29,103.66
183,6.31,78,car,"963,417,1133,510",8.09,82.66
183,6.31,149,car,"91,437,284,490",7.12,86.94
183,6.31,160,car,"519,430,562,450",31.98,87.84
183,6.31,162,car,"331,426,402,467",19.37,83.89
183,6.31,163,car,"797,427,821,444",57.29,101.58
183,6.31,164,car,"672,428,692,440",68.75,104.27
184,6.34,78,car,"960,411,1134,512",7.9,82.83
184,6.34,149,car,"57,435,249,490",7.16,87.43
184,6.34,160,car,"498,429,559,452",22.54,87.85
184,6.34,162,car,"322,425,394,466",19.1,83.98
184,6.34,163,car,"796,425,822,443",52.88,102.01
184,6.34,165,car,"442,434,487,457",30.56,93.6
185,6.38,78,car,"960,415,1133,512",7.95,82.55
185,6.38,149,car,"-31,435,203,498",5.88,88.72
185,6.38,160,car,"500,428,554,452",25.46,87.49
185,6.38,162,car,"295,422,372,467",17.86,84.09
185,6.38,163,car,"792,427,819,444",50.93,100.05
186,6.41,78,car,"961,415,1129,512",8.18,82.4
186,6.41,160,car,"489,428,542,453",25.94,85.89
186,6.41,162,car,"289,425,365,470",18.09,83.04
186,6.41,166,car,"426,433,469,457",31.98,87.11
186,6.41,167,car,"0,432,139,497",9.89,82.2
187,6.45,78,car,"962,414,1127,512",8.33,82.46
187,6.45,160,car,"476,431,532,455",24.55,84.47
187,6.45,162,car,"282,427,354,470",19.1,83.24
187,6.45,166,car,"412,435,460,459",28.65,85.69
187,6.45,167,car,"0,433,70,493",19.64,84.9
188,6.48,78,car,"960,417,1125,513",8.33,82.32
188,6.48,160,car,"461,431,527,456",20.83,85.52
188,6.48,162,car,"252,427,334,473",16.77,86.03
189,6.52,78,car,"964,415,1124,512",8.59,82.63
189,6.52,160,car,"449,431,519,459",19.64,85.17
189,6.52,162,car,"211,427,319,476",12.73,86.72
189,6.52,168,car,"383,436,444,465",22.54,89.98
189,6.52,169,car,"546,436,572,449",52.88,103.42
189,6.52,170,car,"652,431,676,443",57.29,105.38
190,6.55,78,car,"961,417,1121,512",8.59,82.74
190,6.55,160,car,"430,430,509,462",17.41,84.28
190,6.55,162,car,"179,428,301,480",11.27,87.19
190,6.55,168,car,"366,436,430,467",21.48,85.87
190,6.55,169,car,"543,433,572,451",47.41,99.41
190,6.55,170,car,"654,431,677,443",59.78,105.55
191,6.59,78,car,"957,417,1117,511",8.59,82.93
191,6.59,160,car,"413,430,503,464",15.28,85.27
191,6.59,162,car,"169,423,281,481",12.28,87.81
191,6.59,168,car,"321,437,417,469",14.32,88.66
191,6.59,169,car,"538,434,569,451",44.35,97.79
191,6.59,170,car,"653,431,675,443",62.5,104.15
192,6.62,78,car,"958,416,1118,510",8.59,82.97
192,6.62,160,car,"399,431,484,464",16.18,85.39
192,6.62,162,car,"147,424,260,481",12.17,87.91
192,6.62,168,car,"312,434,410,471",14.03,87.44
192,6.62,169,car,"532,433,565,450",41.67,96.81
192,6.62,170,car,"645,429,668,442",59.78,102.69
193,6.66,78,car,"950,418,1114,510",8.38,83.04
193,6.66,160,car,"379,432,476,466",14.18,83.34
193,6.66,162,car,"97,419,236,485",9.89,86.15
193,6.66,168,car,"294,436,406,472",12.28,86.3
193,6.66,169,car,"544,436,572,452",49.11,98.57
193,6.66,169,car,"545,436,572,452",50.93,99.0
193,6.66,170,car,"640,431,664,443",57.29,100.71
194,6.69,78,car,"956,419,1113,510",8.76,82.6
194,6.69,160,car,"361,430,454,469",14.78,83.44
194,6.69,162,car,"65,421,206,491",9.75,85.88
194,6.69,168,car,"259,437,376,475",11.75,85.57
194,6.69,169,car,"540,437,572,453",42.97,101.51
194,6.69,169,car,"542,437,572,453",45.83,104.19
195,6.72,78,car,"952,422,1111,511",8.65,82.39
195,6.72,160,car,"334,429,434,471",13.75,84.21
195,6.72,162,car,"33,427,178,493",9.48,85.54
195,6.72,168,car,"228,440,342,480",12.06,86.6
195,6.72,169,car,"507,432,549,452",32.74,102.77
195,6.72,171,car,"631,435,655,446",57.29,94.71
196,6.76,78,car,"950,419,1110,511",8.59,82.37
196,6.76,160,car,"302,431,420,476",11.65,83.95
196,6.76,162,car,"-13,422,143,496",8.81,85.85
196,6.76,168,car,"200,440,323,483",11.18,84.67
196,6.76,169,car,"510,433,547,455",37.16,99.75
196,6.76,171,car,"633,436,654,447",65.48,100.95
197,6.79,78,car,"950,419,1107,511",8.76,82.21
197,6.79,160,car,"272,431,402,478",10.58,84.02
197,6.79,162,car,"-4,421,107,501",12.39,85.58
197,6.79,168,car,"167,438,305,484",9.96,84.92
197,6.79,169,car,"512,434,548,456",38.19,97.19
197,6.79,171,car,"649,433,667,445",76.39,108.73
198,6.83,78,car,"946,416,1106,511",8.59,81.98
198,6.83,160,car,"226,430,379,482",8.99,85.39
198,6.83,162,car,"0,421,69,501",19.93,84.79
198,6.83,168,car,"147,451,245,489",14.03,86.2
198,6.83,169,car,"495,430,537,455",32.74,93.01
198,6.83,172,car,"785,431,805,445",68.75,87.41
199,6.86,78,car,"944,416,1105,508",8.54,81.59
199,6.86,160,car,"202,429,353,487",9.11,86.46
199,6.86,168,car,"109,434,232,493",11.18,87.45
200,6.9,78,car,"941,416,1103,507",8.49,81.62
200,6.9,160,car,"133,429,321,494",7.31,87.62
200,6.9,168,car,"55,435,198,496",9.62,88.42
200,6.9,173,car,"489,432,527,457",36.18,91.03
200,6.9,174,car,"790,428,812,445",62.5,99.05
201,6.93,78,car,"943,415,1102,506",8.65,81.7
201,6.93,160,car,"45,429,280,499",5.85,89.32
201,6.93,168,car,"-17,436,169,499",7.39,90.52
201,6.93,173,car,"484,431,526,454",32.74,88.95
202,6.97,78,car,"944,415,1102,506",8.7,83.41
202,6.97,160,car,"-57,442,98,504",8.87,93.16
202,6.97,173,car,"460,429,514,456",25.46,93.12
202,6.97,175,car,"26,429,238,505",6.49,88.28
203,7.0,78,car,"945,415,1097,506",9.05,84.75
203,7.0,173,car,"457,435,506,459",28.06,95.26
203,7.0,175,car,"-3,424,195,510",6.94,84.97
203,7.0,176,car,"743,427,767,442",57.29,124.84
203,7.0,177,car,"645,433,666,444",65.48,131.25
204,7.03,78,car,"942,419,1096,506",8.93,85.19
204,7.03,173,car,"449,435,497,459",28.65,92.71
204,7.03,175,car,"-7,421,120,497",10.83,83.75
204,7.03,176,car,"734,428,757,444",59.78,105.59
205,7.07,78,car,"942,419,1089,506",9.35,85.12
205,7.07,175,car,"-4,441,35,497",35.26,85.31
205,7.07,178,car,"631,435,651,446",68.75,93.77
206,7.1,78,car,"942,417,1090,507",9.29,84.6
206,7.1,178,car,"621,435,638,448",80.88,98.83
206,7.1,179,car,"448,436,489,462",33.54,81.94
207,7.14,78,car,"941,420,1088,507",9.35,82.65
207,7.14,178,car,"617,435,642,448",55.0,95.47
208,7.17,78,car,"940,419,1085,507",9.48,81.58
208,7.17,178,car,"605,433,633,448",49.11,97.15
208,7.17,180,car,"426,431,476,462",27.5,85.66
209,7.21,78,car,"940,420,1084,506",9.55,81.74
209,7.21,178,car,"603,433,628,447",55.0,99.26
209,7.21,180,car,"415,428,464,459",28.06,90.77
209,7.21,181,car,"737,427,760,441",59.78,98.35
210,7.24,78,car,"940,420,1082,507",9.68,81.53
210,7.24,178,car,"609,433,631,446",62.5,97.72
210,7.24,180,car,"395,425,460,462",21.15,91.43
210,7.24,181,car,"734,427,757,441",59.78,92.29
211,7.28,78,car,"941,418,1081,509",9.82,81.66
211,7.28,178,car,"608,434,635,446",50.93,98.3
211,7.28,178,car,"610,434,635,446",55.0,101.92
211,7.28,180,car,"389,426,450,462",22.54,90.59
212,7.31,78,car,"942,424,1078,510",10.11,81.86
212,7.31,178,car,"612,433,635,448",59.78,101.47
212,7.31,180,car,"371,429,441,464",19.64,91.16
213,7.34,78,car,"940,424,1078,511",9.96,81.66
213,7.34,178,car,"611,435,636,448",55.0,100.1
213,7.34,178,car,"613,435,636,448",59.78,103.07
213,7.34,180,car,"357,429,433,464",18.09,91.66
214,7.38,78,car,"935,423,1074,509",9.89,81.33
214,7.38,178,car,"582,434,615,448",41.67,100.08
214,7.38,180,car,"348,427,419,464",19.37,89.33
214,7.38,182,car,"777,431,802,447",55.0,92.46
214,7.38,183,car,"790,429,816,448",52.88,91.98
215,7.41,78,car,"935,419,1074,508",9.89,81.85
215,7.41,178,car,"599,435,622,448",59.78,102.47
215,7.41,178,car,"600,435,622,448",62.5,106.22
215,7.41,180,car,"336,426,408,463",19.1,86.92
216,7.45,78,car,"935,417,1074,507",9.89,82.2
216,7.45,178,car,"582,434,609,448",50.93,107.87
216,7.45,180,car,"323,428,391,464",20.22,88.18
217,7.48,78,car,"937,418,1073,506",10.11,82.22
217,7.48,178,car,"578,438,603,450",55.0,105.72
217,7.48,180,car,"314,427,379,465",21.15,86.27
218,7.52,78,car,"935,418,1071,506",10.11,82.66
218,7.52,178,car,"583,438,605,450",62.5,107.8
218,7.52,180,car,"293,430,364,465",19.37,86.14
219,7.55,78,car,"932,424,1068,507",10.11,82.82
219,7.55,178,car,"585,436,608,450",59.78,103.67
219,7.55,180,car,"286,429,351,469",21.15,86.06
220,7.59,78,car,"930,422,1066,506",10.11,83.04
220,7.59,178,car,"572,436,598,450",52.88,99.5
220,7.59,180,car,"256,428,332,470",18.09,88.25
221,7.62,78,car,"926,423,1063,506",10.04,82.82
221,7.62,178,car,"569,434,596,448",50.93,94.62
221,7.62,180,car,"237,428,320,470",16.57,87.44
222,7.66,78,car,"923,420,1062,505",9.89,82.73
222,7.66,178,car,"564,433,590,449",52.88,94.8
222,7.66,180,car,"221,426,300,470",17.41,88.25
222,7.66,184,car,"732,429,754,441",62.5,99.35
223,7.69,78,car,"922,418,1059,504",10.04,82.42
223,7.69,178,car,"556,435,585,448",47.41,91.64
223,7.69,180,car,"182,425,283,473",13.61,88.87
223,7.69,184,car,"779,428,790,444",125.0,131.53
223,7.69,184,car,"785,428,790,444",275.0,142.26
223,7.69,185,car,"502,439,532,455",45.83,89.94
224,7.72,78,car,"923,419,1058,503",10.19,82.2
224,7.72,178,car,"563,433,587,449",57.29,90.12
224,7.72,180,car,"177,427,261,474",16.37,88.94
224,7.72,185,car,"493,439,524,455",44.35,86.45
224,7.72,186,car,"746,427,767,441",65.48,89.3
225,7.76,78,car,"922,424,1056,503",10.26,81.82
225,7.76,178,car,"556,435,583,449",50.93,88.45
225,7.76,180,car,"132,427,244,477",12.28,88.91
225,7.76,186,car,"769,428,812,447",31.98,108.48
226,7.79,78,car,"920,424,1054,504",10.26,82.1
226,7.79,178,car,"545,436,575,452",45.83,92.56
226,7.79,180,car,"68,427,220,479",9.05,91.06
226,7.79,186,car,"780,431,801,448",65.48,104.47
226,7.79,186,car,"782,431,801,448",72.37,102.46
227,7.83,78,car,"921,423,1054,505",10.34,81.79
227,7.83,178,car,"542,437,574,453",42.97,91.74
227,7.83,180,car,"55,425,193,480",9.96,91.55
227,7.83,186,car,"776,429,801,449",55.0,100.35
227,7.83,186,car,"777,429,801,449",57.29,100.87
228,7.86,78,car,"920,426,1051,505",10.5,82.16
228,7.86,178,car,"536,437,567,453",44.35,92.08
228,7.86,180,car,"30,422,166,483",10.11,90.55
228,7.86,186,car,"762,432,786,447",57.29,93.92
229,7.9,78,car,"920,428,1049,506",10.66,82.92
229,7.9,178,car,"532,434,566,452",40.44,93.14
229,7.9,180,car,"-32,420,132,485",8.38,91.59
229,7.9,186,car,"768,432,789,448",65.48,97.38
229,7.9,187,car,"452,444,481,462",47.41,102.21
230,7.93,78,car,"922,424,1047,506",11.0,83.38
230,7.93,178,car,"535,433,567,454",42.97,94.98
230,7.93,180,car,"-9,420,91,488",13.75,89.83
230,7.93,186,car,"779,431,798,449",72.37,101.81
230,7.93,187,car,"452,444,486,463",40.44,99.27
231,7.97,78,car,"920,424,1043,504",11.18,83.66
231,7.97,178,car,"511,435,557,455",29.89,92.11
231,7.97,180,car,"0,417,60,487",22.92,87.75
231,7.97,186,car,"778,431,801,449",59.78,105.06
231,7.97,187,car,"413,438,467,463",25.46,97.4
232,8.0,78,car,"917,425,1040,503",11.18,84.51
232,8.0,178,car,"512,433,552,453",34.38,93.54
232,8.0,180,car,"2,429,14,488",114.58,97.81
232,8.0,186,car,"772,429,801,447",47.41,108.65
232,8.0,186,car,"772,429,801,447",47.41,112.02
232,8.0,187,car,"409,436,466,464",24.12,94.92
233,8.03,78,car,"914,425,1038,503",11.09,84.04
233,8.03,186,car,"778,431,800,448",62.5,108.74
233,8.03,187,car,"412,441,463,465",26.96,92.68
234,8.07,78,car,"908,425,1036,502",10.74,83.65
234,8.07,186,car,"778,430,804,448",52.88,104.42
234,8.07,186,car,"779,429,804,448",55.0,102.17
234,8.07,187,car,"372,433,451,467",17.41,90.94
234,8.07,188,car,"503,434,537,454",40.44,91.13
234,8.07,189,car,"569,437,592,450",59.78,96.46
234,8.07,190,car,"699,430,723,444",57.29,95.77
235,8.1,78,car,"905,423,1036,502",10.5,82.86
235,8.1,186,car,"772,429,797,448",55.0,97.37
235,8.1,187,car,"363,435,439,466",18.09,88.81
235,8.1,188,car,"494,432,533,455",35.26,87.33
235,8.1,189,car,"572,437,596,450",57.29,94.25
235,8.1,190,car,"699,431,724,444",55.0,92.28
236,8.14,78,car,"908,422,1034,500",10.91,82.34
236,8.14,186,car,"777,430,800,447",59.78,93.95
236,8.14,187,car,"351,433,426,468",18.33,87.62
236,8.14,188,car,"490,432,531,454",33.54,87.91
236,8.14,189,car,"568,437,593,451",55.0,93.49
237,8.17,78,car,"905,429,1035,504",10.58,81.91
237,8.17,186,car,"770,431,795,448",55.0,94.27
237,8.17,187,car,"339,435,419,469",17.19,87.71
237,8.17,188,car,"488,431,528,457",34.38,89.37
237,8.17,189,car,"572,437,598,452",52.88,94.86
238,8.21,78,car,"905,427,1034,503",10.66,81.96
238,8.21,186,car,"770,431,796,449",52.88,92.04
238,8.21,187,car,"324,435,402,470",17.63,88.04
238,8.21,189,car,"559,435,588,452",47.41,92.66
239,8.24,78,car,"907,427,1032,504",11.0,81.75
239,8.24,186,car,"768,431,794,449",52.88,90.44
239,8.24,187,car,"307,435,395,472",15.62,86.79
239,8.24,189,car,"568,437,592,451",57.29,91.58
239,8.24,191,car,"476,434,514,460",36.18,86.34
240,8.28,78,car,"905,426,1030,503",11.0,81.91
240,8.28,186,car,"771,430,796,449",55.0,91.51
240,8.28,187,car,"298,434,379,475",16.98,86.16
240,8.28,189,car,"560,437,585,452",55.0,90.1
240,8.28,191,car,"485,432,508,460",59.78,84.7
240,8.28,191,car,"484,432,508,460",57.29,84.16
241,8.31,78,car,"907,425,1027,502",11.46,82.51
241,8.31,186,car,"777,431,801,449",57.29,96.0
241,8.31,186,car,"778,431,801,449",59.78,99.25
241,8.31,187,car,"261,440,371,477",12.5,85.6
241,8.31,189,car,"559,438,585,453",52.88,92.2
241,8.31,191,car,"457,434,497,458",34.38,90.07
241,8.31,191,car,"450,434,497,458",29.26,93.62
242,8.34,78,car,"907,422,1025,500",11.65,82.52
242,8.34,186,car,"751,427,786,447",39.29,100.53
242,8.34,187,car,"234,435,352,479",11.65,85.53
242,8.34,189,car,"551,436,579,452",49.11,90.77
242,8.34,192,car,"651,431,677,445",52.88,94.15
242,8.34,193,car,"450,432,496,459",29.89,88.0
243,8.38,78,car,"906,421,1024,500",11.65,82.92
243,8.38,186,car,"760,430,785,447",55.0,102.25
243,8.38,187,car,"223,435,333,483",12.5,85.03
243,8.38,189,car,"556,436,580,452",57.29,93.61
243,8.38,192,car,"648,431,673,445",55.0,94.17
243,8.38,193,car,"510,434,530,457",68.75,114.39
243,8.38,194,car,"444,431,486,459",32.74,89.6
244,8.41,78,car,"901,426,1022,499",11.36,83.23
244,8.41,186,car,"762,430,785,447",59.78,103.53
244,8.41,187,car,"204,437,312,484",12.73,84.77
244,8.41,189,car,"547,437,573,452",52.88,94.56
244,8.41,194,car,"434,432,480,460",29.89,89.42
244,8.41,195,car,"486,433,524,455",36.18,90.18
245,8.45,78,car,"903,423,1020,498",11.75,83.9
245,8.45,186,car,"785,429,802,447",80.88,105.59
245,8.45,187,car,"146,439,289,487",9.62,86.13
245,8.45,189,car,"536,435,568,451",42.97,96.41
245,8.45,194,car,"428,433,477,462",28.06,90.11
245,8.45,194,car,"427,433,477,462",27.5,90.45
246,8.48,78,car,"902,422,1018,497",11.85,83.89
246,8.48,186,car,"781,428,803,446",62.5,104.02
246,8.48,187,car,"122,438,267,490",9.48,86.47
246,8.48,189,car,"532,435,563,452",44.35,95.4
246,8.48,194,car,"407,433,463,462",24.55,89.98
247,8.52,78,car,"901,424,1016,496",11.96,84.27
247,8.52,186,car,"779,430,803,447",57.29,106.27
247,8.52,187,car,"91,437,239,491",9.29,85.91
247,8.52,189,car,"525,437,558,453",41.67,95.71
247,8.52,194,car,"396,431,456,463",22.92,88.86
247,8.52,196,car,"634,433,657,445",59.78,103.79
248,8.55,78,car,"900,424,1015,496",11.96,84.82
248,8.55,186,car,"777,431,800,448",59.78,108.75
248,8.55,187,car,"58,437,217,494",8.65,85.86
248,8.55,189,car,"530,437,557,453",50.93,97.82
248,8.55,194,car,"395,430,449,463",25.46,89.29
248,8.55,196,car,"626,435,648,447",62.5,102.84
249,8.59,78,car,"902,425,1014,497",12.28,85.33
249,8.59,186,car,"776,433,800,449",57.29,110.72
249,8.59,187,car,"8,441,179,499",8.04,85.79
249,8.59,189,car,"522,436,554,455",42.97,97.97
249,8.59,194,car,"375,432,447,464",19.1,87.65
249,8.59,196,car,"616,435,644,448",49.11,100.09
250,8.62,78,car,"902,421,1012,496",12.5,85.42
250,8.62,186,car,"774,431,797,448",59.78,106.56
250,8.62,187,car,"-18,437,140,499",8.7,84.92
250,8.62,189,car,"513,436,549,455",38.19,97.84
250,8.62,196,car,"619,435,643,448",57.29,101.75
251,8.66,78,car,"903,427,1012,495",12.61,84.94
251,8.66,187,car,"-2,439,103,505",13.1,84.1
251,8.66,189,car,"508,438,543,458",39.29,95.33
251,8.66,196,car,"631,434,652,447",65.48,103.0
251,8.66,197,car,"358,431,428,465",19.64,84.19
252,8.69,78,car,"899,420,1010,494",12.39,84.4
252,8.69,187,car,"0,439,59,503",23.31,84.37
252,8.69,189,car,"506,438,538,458",42.97,94.39
252,8.69,196,car,"698,431,709,447",125.0,112.25
252,8.69,197,car,"364,434,408,465",31.25,84.99
252,8.69,197,car,"363,434,408,465",30.56,85.26
252,8.69,198,car,"624,435,647,448",59.78,93.38
253,8.72,78,car,"898,426,1012,494",12.06,83.46
253,8.72,189,car,"497,434,536,459",35.26,89.69
253,8.72,196,car,"830,431,796,448",inf,135.43
253,8.72,197,car,"388,431,448,467",22.92,86.72
253,8.72,197,car,"392,431,448,467",24.55,87.59
253,8.72,198,car,"627,435,649,448",62.5,90.83
253,8.72,199,car,"680,432,710,448",45.83,83.58
254,8.76,78,car,"898,419,1009,493",12.39,82.8
254,8.76,189,car,"490,434,532,458",32.74,88.58
254,8.76,197,car,"382,435,441,466",23.31,88.32
254,8.76,198,car,"631,432,653,447",62.5,92.57
254,8.76,199,car,"680,432,710,447",45.83,88.36
254,8.76,200,car,"319,432,397,468",17.63,85.05
255,8.79,78,car,"900,419,1008,492",12.73,82.52
255,8.79,189,car,"484,435,528,458",31.25,87.73
255,8.79,197,car,"363,432,429,467",20.83,88.38
255,8.79,198,car,"623,432,649,447",52.88,93.17
255,8.79,199,car,"676,430,708,446",42.97,89.76
256,8.83,78,car,"902,419,1008,491",12.97,83.52
256,8.83,189,car,"476,430,523,456",29.26,89.41
256,8.83,197,car,"356,431,421,466",21.15,89.2
256,8.83,198,car,"625,431,650,445",55.0,97.09
256,8.83,199,car,"673,429,708,447",39.29,92.7
256,8.83,201,car,"282,429,367,469",16.18,89.46
257,8.86,78,car,"899,421,1007,492",12.73,84.12
257,8.86,189,car,"477,433,515,455",36.18,90.42
257,8.86,199,car,"689,431,714,445",55.0,95.68
257,8.86,201,car,"269,428,400,471",10.5,86.23
257,8.86,202,car,"776,431,798,446",62.5,103.47
258,8.9,78,car,"899,423,1009,492",12.5,84.49
258,8.9,189,car,"466,431,509,457",31.98,92.62
258,8.9,201,car,"223,429,349,473",10.91,88.73
258,8.9,202,car,"772,431,797,448",55.0,101.54
258,8.9,203,car,"626,431,649,446",59.78,95.73
258,8.9,204,car,"332,432,390,468",23.71,86.24
259,8.93,78,car,"898,422,1010,493",12.28,84.74
259,8.93,189,car,"454,428,505,456",26.96,91.59
259,8.93,201,car,"223,426,323,472",13.75,87.36
259,8.93,201,car,"221,425,323,472",13.48,86.53
259,8.93,203,car,"613,429,649,449",38.19,92.4
259,8.93,205,car,"699,430,722,443",59.78,100.29
260,8.97,78,car,"897,425,1011,494",12.06,84.48
260,8.97,201,car,"200,427,307,473",12.85,85.51
260,8.97,201,car,"199,427,307,473",12.73,85.78
260,8.97,203,car,"619,429,653,448",40.44,91.16
261,9.0,78,car,"896,427,1009,494",12.17,83.46
261,9.0,201,car,"166,429,286,477",11.46,83.71
261,9.0,201,car,"164,429,286,477",11.27,83.74
261,9.0,203,car,"621,431,650,448",47.41,91.22
261,9.0,206,car,"698,432,721,446",59.78,91.57
262,9.03,78,car,"896,427,1008,494",12.28,83.06
262,9.03,201,car,"143,425,264,479",11.36,84.12
262,9.03,201,car,"141,425,264,479",11.18,84.27
262,9.03,206,car,"696,432,720,447",57.29,91.08
263,9.07,78,car,"897,427,1008,495",12.39,83.01
263,9.07,201,car,"129,427,306,481",7.77,83.5
263,9.07,207,car,"424,433,469,463",30.56,87.17
263,9.07,208,car,"772,432,799,449",50.93,91.95
264,9.1,78,car,"897,426,1007,494",12.5,82.62
264,9.1,201,car,"177,428,285,483",12.73,84.58
264,9.1,207,car,"414,433,463,464",28.06,84.85
264,9.1,208,car,"770,434,796,450",52.88,90.89
264,9.1,209,car,"214,430,291,480",17.86,82.99
264,9.1,210,car,"89,427,225,484",10.11,81.69
264,9.1,211,car,"602,437,626,450",57.29,89.6
265,9.14,78,car,"896,425,1007,494",12.39,83.1
265,9.14,207,car,"401,431,455,464",25.46,84.87
265,9.14,208,car,"773,434,796,450",59.78,96.35
265,9.14,210,car,"63,427,179,486",11.85,81.79
265,9.14,211,car,"596,437,623,451",50.93,92.17
265,9.14,212,car,"138,427,263,487",11.0,84.56
266,9.17,78,car,"896,425,1003,492",12.85,83.61
266,9.17,207,car,"387,430,445,463",23.71,84.98
266,9.17,208,car,"768,431,794,450",52.88,96.21
266,9.17,210,car,"91,425,234,490",9.62,83.01
266,9.17,211,car,"584,435,622,453",36.18,90.71
267,9.21,78,car,"898,426,1001,492",13.35,83.96
267,9.21,207,car,"375,432,438,464",21.83,84.3
267,9.21,208,car,"769,433,794,450",55.0,96.77
267,9.21,211,car,"579,435,617,453",36.18,89.66
267,9.21,213,car,"31,425,203,495",7.99,82.6
268,9.24,78,car,"898,424,1000,491",13.48,84.08
268,9.24,207,car,"364,429,426,464",22.18,83.71
268,9.24,211,car,"581,434,619,452",36.18,89.51
268,9.24,213,car,"17,425,170,496",8.99,82.33
269,9.28,78,car,"896,423,1001,490",13.1,84.33
269,9.28,207,car,"352,425,415,465",21.83,84.92
269,9.28,211,car,"538,438,577,455",35.26,96.19
269,9.28,213,car,"-5,417,129,499",10.26,83.46
270,9.31,78,car,"894,421,1001,490",12.85,83.84
270,9.31,207,car,"332,426,404,465",19.1,85.58
270,9.31,213,car,"-4,422,86,497",15.28,83.6
270,9.31,214,car,"478,436,507,449",47.41,91.83
270,9.31,215,car,"764,432,789,449",55.0,93.72
270,9.31,216,car,"678,430,704,445",52.88,93.2
271,9.34,78,car,"897,424,999,490",13.48,83.76
271,9.34,207,car,"322,431,390,467",20.22,84.96
271,9.34,213,car,"0,425,37,498",37.16,85.58
271,9.34,215,car,"767,434,790,450",59.78,99.37
271,9.34,217,car,"618,434,641,449",59.78,99.23
272,9.38,78,car,"895,425,996,491",13.61,83.26
272,9.38,207,car,"313,430,379,469",20.83,86.86
272,9.38,215,car,"765,434,789,451",57.29,95.72
273,9.41,78,car,"897,425,996,491",13.89,82.78
273,9.41,207,car,"292,431,368,472",18.09,88.23
273,9.41,215,car,"763,435,789,451",52.88,93.11
273,9.41,218,car,"669,433,697,448",49.11,83.11
274,9.45,78,car,"895,426,996,490",13.61,82.25
274,9.45,207,car,"278,432,354,474",18.09,88.26
274,9.45,215,car,"763,435,791,452",49.11,92.22
274,9.45,215,car,"764,435,791,452",50.93,91.21
274,9.45,219,car,"570,437,600,455",45.83,81.44
274,9.45,220,car,"578,438,603,453",55.0,81.73
274,9.45,221,car,"526,437,556,455",45.83,81.44
275,9.48,78,car,"895,426,994,492",13.89,82.18
275,9.48,207,car,"254,432,337,477",16.57,89.18
275,9.48,215,car,"742,431,770,447",49.11,91.22
275,9.48,221,car,"520,439,551,457",44.35,87.72
275,9.48,221,car,"519,439,551,457",42.97,89.82
275,9.48,222,car,"673,434,701,448",49.11,88.02
276,9.52,78,car,"896,427,989,491",14.78,81.67
276,9.52,207,car,"226,431,320,479",14.63,91.43
276,9.52,215,car,"757,435,793,454",38.19,95.41
276,9.52,215,car,"761,436,793,454",42.97,100.24
276,9.52,221,car,"500,437,546,459",29.89,91.39
277,9.55,78,car,"897,428,986,491",15.45,81.96
277,9.55,207,car,"210,434,307,479",14.18,91.68
277,9.55,215,car,"768,436,794,454",52.88,99.62
277,9.55,221,car,"497,436,543,461",29.89,91.89
277,9.55,223,car,"727,432,752,448",55.0,93.63
278,9.59,78,car,"892,429,986,492",14.63,82.89
278,9.59,207,car,"179,435,284,480",13.1,92.33
278,9.59,215,car,"764,437,790,456",52.88,101.88
278,9.59,221,car,"485,447,527,462",32.74,95.16
278,9.59,223,car,"721,435,744,449",59.78,99.25
279,9.62,78,car,"892,430,987,492",14.47,83.59
279,9.62,207,car,"155,436,263,486",12.73,93.65
279,9.62,221,car,"490,448,516,462",52.88,95.81
280,9.66,78,car,"890,428,986,493",14.32,83.85
280,9.66,207,car,"120,436,244,488",11.09,93.73
280,9.66,221,car,"553,446,559,462",229.17,103.39
280,9.66,224,car,"478,447,506,463",49.11,90.49
280,9.66,225,car,"762,440,786,458",57.29,92.24
281,9.69,78,car,"890,428,985,491",14.47,83.92
281,9.69,207,car,"98,433,219,490",11.36,93.25
281,9.69,224,car,"473,441,512,463",35.26,89.75
281,9.69,225,car,"738,433,765,450",50.93,108.37
281,9.69,226,fire hydrant,"137,477,158,504",65.48,89.45
282,9.72,78,car,"889,428,984,492",14.47,83.57
282,9.72,207,car,"52,433,184,492",10.42,92.96
282,9.72,224,car,"459,432,507,462",28.65,88.4
282,9.72,225,car,"759,436,786,453",50.93,108.48
282,9.72,225,car,"761,436,786,453",55.0,108.53
282,9.72,227,car,"519,441,560,462",33.54,84.83
283,9.76,78,car,"888,427,983,491",14.47,82.94
283,9.76,207,car,"8,430,157,496",9.23,92.95
283,9.76,224,car,"451,444,493,465",32.74,90.01
283,9.76,225,car,"746,433,771,449",55.0,106.78
283,9.76,228,car,"579,436,607,452",49.11,87.75
284,9.79,78,car,"888,427,984,490",14.32,82.75
284,9.79,207,car,"-21,433,124,497",9.48,91.77
284,9.79,207,car,"-25,432,124,497",9.23,91.0
284,9.79,225,car,"745,432,767,446",62.5,107.65
284,9.79,228,car,"569,437,597,453",49.11,95.13
284,9.79,229,car,"504,442,541,462",37.16,88.35
285,9.83,78,car,"887,426,982,489",14.47,83.92
285,9.83,207,car,"1,424,89,500",15.62,90.26
285,9.83,225,car,"736,431,759,445",59.78,109.92
285,9.83,230,car,"446,444,481,464",39.29,105.16
286,9.86,78,car,"884,426,980,488",14.32,84.07
286,9.86,207,car,"0,426,53,498",25.94,88.81
286,9.86,225,car,"734,431,756,446",62.5,107.68
286,9.86,230,car,"427,432,483,465",24.55,100.16
286,9.86,231,car,"646,434,671,448",55.0,89.67
286,9.86,232,car,"488,434,544,465",24.55,84.32
287,9.9,78,car,"883,423,977,487",14.63,84.23
287,9.9,225,car,"767,432,782,447",91.67,108.4
287,9.9,230,car,"408,433,471,466",21.83,98.48
287,9.9,231,car,"626,431,653,445",50.93,102.76
287,9.9,232,car,"474,435,531,464",24.12,87.72
288,9.93,78,car,"884,424,978,487",14.63,83.99
288,9.93,225,car,"760,430,780,447",68.75,104.92
288,9.93,230,car,"401,435,463,466",22.18,96.33
288,9.93,231,car,"615,431,648,447",41.67,102.44
288,9.93,232,car,"446,435,526,465",17.19,89.7
289,9.97,78,car,"885,423,976,487",15.11,83.55
289,9.97,225,car,"760,430,782,448",62.5,102.45
289,9.97,230,car,"398,434,453,466",25.0,94.4
289,9.97,231,car,"600,431,634,448",40.44,102.7
290,10.0,78,car,"879,423,975,488",14.32,82.15
290,10.0,225,car,"757,434,780,449",59.78,92.71
290,10.0,230,car,"378,437,442,469",21.48,91.79
290,10.0,233,car,"539,436,571,456",42.97,84.69
290,10.0,234,car,"457,436,515,464",23.71,82.59
